"accession_number","year","cik","ticker","revenue","cost_of_revenue","gross_profit","operating_expenses","other_operating_income_expense","operating_income","pretax_income","eps_basic","eps_diluted"
"0001558370-21-000737",2020,"66740","MMM",32184000000,80000000,32104000000,8418000000,0,7161000000,6711000000,0,0
"0000091142-21-000025",2020,"91142","AOS",2895300000,1787100000,1108200000,0,0,503200000,443900000,0,0
"0001104659-21-025751",2020,"1800","ABT",34608000000,15003000000,19605000000,0,0,5357000000,4968000000,0,0
"0001551152-21-000008",2020,"1551152","ABBV",45804000000,15387000000,30417000000,0,0,11363000000,3398000000,0,0
"0001564590-21-029314",2021,"815094","ABMD",847522000,161907000,685615000,456058000,0,229557000,288220000,0,0
"0001467373-21-000229",2021,"1467373","ACN",50533389000,34169261000,16364128000,0,0,7621529000,7761116000,0,0
"0001628280-21-002828",2020,"718877","ATVI",8086000000,705000000,7381000000,4647000000,0,2734000000,2616000000,0,0
"0000796343-22-000032",2021,"796343","ADBE",15785000000,1865000000,13920000000,8118000000,0,5802000000,5705000000,0,0
"0001158449-21-000036",2021,"1158449","AAP",10106321000,5624707000,4481614000,0,0,749907000,651015000,0,0
"0000874761-21-000015",2020,"874761","AES",9660000000,6967000000,2693000000,0,0,0,-192000000,0,0
"0000004977-21-000047",2020,"4977","AFL",22147000000,0,0,498000000,0,4416000000,4159000000,0,0
"0001090872-21-000027",2021,"1090872","A",6319000000,2912000000,3407000000,0,0,1347000000,1360000000,0,0
"0001104659-21-025742",2020,"5272","AIG",43736000000,0,0,0,0,0,-7293000000,0,0
"0000002969-21-000055",2021,"2969","APD",10323000000,7186100000,1492900000,0,0,2281400000,2507400000,0,0
"0001086222-21-000075",2020,"1086222","AKAM",3198149000,1132672000,2065477000,1406943000,0,658534000,616082000,0,0
"0000766421-21-000018",2020,"766421","ALK",3566000000,0,0,5341000000,0,-1775000000,-1840000000,0,0
"0000915913-21-000018",2020,"915913","ALB",3128909000,2134056000,994853000,0,0,505812000,373519000,0,0
"0001035443-22-000040",2021,"1035443","ARE",2114150000,0,0,0,0,0,0,0,0
"0001097149-21-000007",2020,"1097149","ALGN",2471941000,708706000,1763235000,1376064000,0,387171000,378949000,0,0
"0001579241-21-000020",2020,"1579241","ALLE",2719900000,1541100000,1178800000,-74600000,0,403500000,365400000,0,0
"0000352541-21-000022",2020,"352541","LNT",3416000000,449000000,376000000,0,0,740000000,567000000,0,0
"0000899051-21-000011",2020,"899051","ALL",44791000000,0,0,0,0,0,0,0,0
"0001652044-22-000019",2021,"1652044","GOOGL",257637000000,110939000000,146698000000,67984000000,0,78714000000,90734000000,0,0
"0000764180-21-000037",2020,"764180","MO",26153000000,7818000000,13023000000,0,0,10873000000,6890000000,0,0
"0001018724-21-000004",2020,"1018724","AMZN",386064000000,233307000000,152757000000,0,0,22899000000,24178000000,0,0
"0000002488-22-000016",2021,"2488","AMD",16434000000,8505000000,7929000000,0,0,3648000000,3675000000,0,0
"0001002910-21-000065",2020,"1002910","AEE",20000000,0,0,4494000000,0,1300000000,1032000000,0,0
"0000006201-21-000014",2020,"6201","AAL",17337000000,0,0,0,0,-10421000000,-11453000000,0,0
"0000004904-21-000010",2020,"4904","AEP",14918500000,1439300000,13479200000,11930800000,0,2987700000,2234300000,0,0
"0000004962-21-000013",2020,"4962","AXP",21974000000,0,0,0,0,0,4296000000,0,0
"0001053507-21-000026",2020,"1053507","AMT",8041500000,37600000,8003900000,0,0,2887500000,1821100000,0,0
"0001410636-21-000101",2020,"1410636","AWK",3743000000,0,0,2529000000,0,1248000000,924000000,0,0
"0000820027-21-000012",2020,"820027","AMP",11958000000,0,0,0,0,0,1831000000,0,0
"0001140859-21-000058",2021,"1140859","ABC",213988843000,207045615000,6943228000,0,0,2354197000,2221859000,0,0
"0001037868-21-000007",2020,"1037868","AME",4540029000,2996515000,1543514000,0,0,1027884000,1082309000,0,0
"0000318154-21-000010",2020,"318154","AMGN",25424000000,6159000000,19265000000,0,0,9139000000,8133000000,0,0
"0001558370-21-000881",2020,"820313","APH",8598900000,5934800000,2664100000,0,0,1638400000,1526600000,0,0
"0000006281-21-000294",2021,"6281","ADI",7318286000,2793274000,4525012000,2832811000,0,1692201000,1328714000,0,0
"0001013462-21-000009",2020,"1013462","ANSS",1681297000,225264000,1456033000,959677000,0,496356000,493925000,0,0
"0001156039-21-000012",2020,"1156039","ANTM",121867000000,8953000000,112914000000,0,0,6360000000,6238000000,0,0
"0001628280-21-002574",2020,"315293","AON",11066000000,0,0,0,0,2781000000,2465000000,0,0
"0000320193-21-000105",2021,"320193","AAPL",365817000000,212981000000,152836000000,43887000000,0,108949000000,109207000000,0,0
"0000006951-21-000043",2021,"6951","AMAT",23063000000,12149000000,10914000000,4025000000,0,6889000000,6771000000,0,0
"0001521332-21-000009",2020,"1521332","APTV",13066000000,11126000000,1940000000,0,0,2118000000,-21000000,0,0
"0000007084-21-000008",2020,"7084","ADM",64355000000,59902000000,4453000000,0,0,0,1883000000,0,0
"0001596532-21-000049",2020,"1596532","ANET",2317512000,835626000,1481886000,782202000,0,699684000,738863000,0,0
"0001564590-21-004555",2020,"354190","AJG",7003600000,882100000,6121500000,906500000,0,0,870900000,0,0
"0001267238-21-000010",2020,"1267238","AIZ",10094800000,0,0,0,0,0,515300000,0,0
"0000732717-21-000012",2020,"732717","T",171760000000,19706000000,152054000000,0,0,6405000000,-2856000000,0,0
"0000731802-21-000040",2021,"731802","ATO",3407490000,1032717000,2374773000,0,0,904998000,819299000,0,0
"0000769397-21-000014",2021,"769397","ADSK",3790400000,242100000,3453300000,2824200000,0,629100000,546700000,0,0
"0000008670-21-000027",2021,"8670","ADP",15005400000,8640300000,6365100000,0,0,0,3361200000,0,0
"0001558370-21-013446",2021,"866787","AZO",14629585000,6911800000,7717785000,0,0,2944527000,2749190000,0,0
"0000915912-21-000004",2020,"915912","AVB",2301261000,0,0,0,0,1547190000,824459000,0,0
"0001193125-21-055146",2021,"8818","AVY",6971500000,5048200000,1923300000,0,0,0,737300000,0,0
"0001701605-21-000026",2020,"1701605","BKR",20705000000,11383000000,9322000000,0,0,-15978000000,-15202000000,0,0
"0001558370-21-001121",2020,"9389","BLL",11781000000,0,0,0,0,1003000000,687000000,0,0
"0000070858-21-000023",2020,"70858","BAC",85528000000,0,0,5906000000,0,0,18995000000,0,0
"0000701985-21-000011",2021,"701985","BBWI",11847000000,7180000000,4667000000,0,0,1580000000,1092000000,0,0
"0001628280-21-001867",2020,"10456","BAX",11673000000,7086000000,4587000000,0,0,1616000000,1292000000,0,0
"0000010795-21-000091",2021,"10795","BDX",20248000000,10821000000,9427000000,0,0,2799000000,2242000000,0,0
"0000764478-21-000024",2021,"764478","BBY",47262000000,36689000000,10573000000,0,0,2391000000,2377000000,0,0
"0000012208-21-000012",2020,"12208","BIO",2545600000,1107804000,1437822000,0,0,410957000,4907638000,0,0
"0001437749-21-020980",2021,"842023","TECH",931032000,298182000,632850000,395554000,0,237296000,148175000,0,0
"0000875045-22-000007",2021,"875045","BIIB",10981700000,2109700000,8872000000,-800000,0,2840700000,1745200000,0,0
"0001564590-21-008796",2020,"1364742","BLK",16205000000,0,0,10510000000,0,5695000000,6524000000,0,0
"0001390777-21-000037",2020,"1390777","BK",15808000000,0,0,0,0,0,3696000000,0,0
"0000012927-22-000010",2021,"12927","BA",62286000000,49954000000,3017000000,0,0,-2902000000,-5033000000,0,0
"0001075531-21-000019",2020,"1075531","BKNG",6796000000,0,0,7427000000,0,-631000000,567000000,0,0
"0000908255-21-000008",2020,"908255","BWA",10165000000,8255000000,1910000000,0,0,618000000,964000000,0,0
"0001656423-21-000006",2020,"1037540","BXP",2765686000,13136000,1694075000,144347000,0,0,0,0,0
"0000885725-21-000008",2020,"885725","BSX",9913000000,3465000000,6448000000,6528000000,0,-80000000,-79000000,0,0
"0000014272-21-000066",2020,"14272","BMY",42518000000,11773000000,30745000000,0,0,0,-6871000000,0,0
"0001730168-21-000153",2021,"1730168","AVGO",27450000000,10606000000,16844000000,8325000000,0,8519000000,6765000000,0,0
"0001383312-21-000047",2021,"1383312","BR",4993700000,3570800000,1423000000,0,0,678700000,0,0,0
"0001564590-21-007624",2020,"79282","BRO",2613375000,0,0,1989276000,0,0,624099000,0,0
"0001043277-21-000009",2020,"1043277","CHRW",16207106000,12834608000,3372498000,0,0,673268000,628331000,0,0
"0000813672-21-000009",2021,"813672","CDNS",1096263000,231026000,865237000,0,0,645552000,632748000,0,0
"0001590895-21-000085",2020,"1590895","CZR",3474000000,1197000000,2277000000,0,0,-437000000,-1632000000,0,0
"0000016732-21-000103",2021,"16732","CPB",8476000000,5665000000,2811000000,0,0,1545000000,1336000000,0,0
"0000927628-21-000094",2020,"927628","COF",28523000000,0,0,0,0,0,3203000000,0,0
"0000721371-21-000080",2021,"721371","CAH",162467000000,155689000000,6778000000,0,0,472000000,323000000,0,0
"0001170010-21-000053",2021,"1170010","KMX",18950149000,16571024000,2379125000,0,0,0,965257000,0,0
"0000815097-22-000009",2021,"815097","CCL",1908000000,0,0,0,0,-7089000000,-9522000000,0,0
"0001783180-21-000011",2020,"1783180","CARR",17456000000,10185000000,1722000000,0,0,3083000000,2855000000,0,0
"0001596783-21-000110",2021,"1596783","CTLT",3998000000,2646000000,1352000000,0,0,828000000,715000000,0,0
"0000018230-21-000063",2020,"18230","CAT",41748000000,29082000000,12666000000,8113000000,0,4553000000,3995000000,0,0
"0001558370-21-001286",2020,"1374310","CBOE",3427100000,2172800000,1254300000,592100000,0,662200000,660400000,0,0
"0001138118-21-000012",2020,"1138118","CBRE",23826195000,19047620000,4778575000,0,0,969759000,969969000,0,0
"0001402057-21-000022",2020,"1402057","CDW",18467500000,15257400000,3210100000,0,0,1179200000,1002300000,0,0
"0001306830-21-000020",2020,"1306830","CE",5655000000,4362000000,1293000000,0,0,664000000,2251000000,0,0
"0001071739-21-000039",2020,"1071739","CNC",111115000000,3303000000,107812000000,0,0,3082000000,2773000000,0,0
"0001130310-21-000009",2020,"1130310","CNP",7418000000,257000000,7161000000,5414000000,0,1039000000,-865000000,0,0
"0001564590-21-009508",2020,"1725057","CDAY",842500000,501200000,341300000,0,0,7800000,-20000000,0,0
"0000804753-21-000009",2020,"804753","CERN",5505788000,932941000,4572847000,3878803000,0,914567000,991473000,0,0
"0001324404-21-000008",2020,"1324404","CF",4124000000,3323000000,801000000,0,0,623000000,463000000,0,0
"0001100682-21-000005",2020,"1100682","CRL",2923933000,1533230000,1390703000,0,0,432729000,447114000,0,0
"0000316709-21-000012",2020,"316709","SCHW",11691000000,0,0,0,0,0,4300000000,0,0
"0001091667-22-000024",2021,"1091667","CHTR",51682000000,0,0,31482000000,0,10526000000,6388000000,0,0
"0000093410-21-000009",2020,"93410","CVX",94692000000,50488000000,44204000000,0,0,0,-7453000000,0,0
"0001058090-21-000010",2020,"1058090","CMG",5984634000,0,0,0,0,290164000,293781000,0,0
"0000896159-21-000003",2020,"896159","CB",35994000000,0,0,0,0,0,4162000000,0,0
"0001564590-21-006669",2020,"313927","CHD",4895800000,2681600000,2214200000,0,0,1029700000,973800000,0,0
"0001739940-21-000007",2020,"1739940","CI",160401000000,103484000000,56917000000,0,0,8153000000,10868000000,0,0
"0000020286-21-000013",2020,"20286","CINF",7536000000,0,0,0,0,0,1499000000,0,0
"0000723254-21-000021",2021,"723254","CTAS",7116340000,2983514000,3314651000,0,0,1385492000,1287749000,0,0
"0000858877-21-000013",2021,"858877","CSCO",49818000000,17924000000,31894000000,19061000000,0,12833000000,13262000000,0,0
"0000831001-21-000042",2020,"831001","C",74298000000,17495000000,56803000000,0,0,0,13632000000,0,0
"0000759944-21-000034",2020,"759944","CFG",6905000000,0,0,177000000,0,0,864000000,0,0
"0000877890-21-000051",2020,"877890","CTXS",3236700000,389612000,2738154000,2129346000,0,608808000,554880000,0,0
"0000021076-21-000016",2021,"21076","CLX",7341000000,4142000000,3199000000,0,0,0,900000000,0,0
"0001156375-21-000020",2020,"1156375","CME",4883600000,0,0,0,0,2637400000,2722100000,0,0
"0000811156-21-000016",2020,"811156","CMS",6680000000,1492000000,5188000000,0,0,1362000000,885000000,0,0
"0000021344-21-000008",2020,"21344","KO",33014000000,13433000000,19581000000,0,0,8997000000,9749000000,0,0
"0001058290-21-000031",2020,"1058290","CTSH",16652000000,0,0,2590000000,0,2114000000,2096000000,0,0
"0000021665-21-000007",2020,"21665","CL",16471000000,6454000000,10017000000,0,0,3885000000,3647000000,0,0
"0001166691-22-000009",2021,"1166691","CMCSA",116385000000,0,0,0,0,20817000000,19093000000,0,0
"0000028412-21-000054",2020,"28412","CMA",711000000,0,0,0,0,0,474000000,0,0
"0001564590-21-037738",2021,"23217","CAG",3407600000,8005500000,360600000,0,0,2141000000,1494700000,0,0
"0001562762-21-000027",2020,"1163165","COP",19256000000,8078000000,11178000000,0,0,0,-3140000000,0,0
"0001047862-21-000049",2020,"1047862","ED",12246000000,1600000000,10646000000,9592000000,0,2654000000,1234000000,0,0
"0000016918-21-000060",2021,"16918","STZ",8614900000,4148900000,4466000000,0,0,2791100000,2542900000,0,0
"0000711404-21-000038",2021,"711404","COO",2922500000,966700000,1955800000,0,0,505800000,491500000,0,0
"0000900075-21-000022",2021,"900075","CPRT",2692511000,0,0,0,0,1136426000,1121846000,0,0
"0001562762-21-000023",2020,"24741","GLW",11303000000,7772000000,3531000000,0,0,509000000,623000000,0,0
"0001755672-21-000008",2020,"1755672","CTVA",14217000000,8507000000,5710000000,0,0,0,675000000,0,0
"0000909832-21-000014",2021,"909832","COST",195929000000,170684000000,25245000000,0,0,6708000000,6680000000,0,0
"0000858470-21-000013",2020,"858470","CTRA",1466624000,571102000,895522000,0,0,295476000,241123000,0,0
"0001051470-21-000031",2020,"1051470","CCI",5840000000,448000000,5392000000,3044000000,0,1863000000,1076000000,0,0
"0000277948-21-000014",2020,"277948","CSX",10583000000,0,0,0,0,4362000000,3627000000,0,0
"0000026172-21-000012",2020,"26172","CMI",19811000000,14917000000,4894000000,0,0,2269000000,2338000000,0,0
"0000064803-21-000011",2020,"64803","CVS",268706000000,163981000000,104725000000,0,0,13911000000,9770000000,0,0
"0000882184-21-000190",2021,"882184","DHI",27774200000,19748400000,8025800000,0,0,0,5356300000,0,0
"0000313616-21-000045",2020,"313616","DHR",22284000000,9809000000,12475000000,0,0,4231000000,4495000000,0,0
"0000940944-21-000041",2021,"940944","DRI",7196100000,2072100000,1402400000,0,0,648700000,576500000,0,0
"0000927066-21-000008",2020,"927066","DVA",11550604000,0,0,0,0,1694636000,1318262000,0,0
"0001558370-21-016864",2021,"315189","DE",44024000000,29116000000,14908000000,7306000000,0,8012000000,7602000000,0,0
"0000027904-21-000003",2020,"27904","DAL",17095000000,0,0,0,0,-12469000000,-15587000000,0,0
"0000818479-21-000007",2020,"818479","XRAY",3342000000,1685000000,1657000000,0,0,-12000000,-60000000,0,0
"0001564590-21-006239",2020,"1090012","DVN",4828000000,2013000000,2815000000,0,0,0,-3090000000,0,0
"0001093557-21-000024",2020,"1093557","DXCM",1926700000,646600000,1280100000,980600000,0,299500000,225000000,0,0
"0001539838-21-000015",2020,"1539838","FANG",2813000000,140000000,2673000000,0,0,-5476000000,-5776000000,0,0
"0001558370-21-002191",2020,"1297996","DLR",3903609000,2887000,7220000,3346083000,0,557526000,0,0,0
"0001393612-21-000014",2020,"1393612","DFS",594000000,0,0,0,0,0,1435000000,0,0
"0001437107-21-000018",2020,"1437107","DISCA",10671000000,0,0,0,0,2515000000,1728000000,0,0
"0001558370-21-001322",2020,"1001082","DISH",15493435000,20000000,15473435000,0,0,2582615000,2572211000,0,0
"0001558370-21-003245",2021,"29534","DG",33746839000,23027977000,10718862000,0,0,3554765000,3404380000,0,0
"0000935703-21-000014",2021,"935703","DLTR",25509300000,17721000000,7788300000,0,0,1887900000,1739800000,0,0
"0001564590-21-008442",2020,"715957","D",14172000000,0,0,0,0,2055000000,1411000000,0,0
"0001193125-21-055734",2021,"1286681","DPZ",4117411000,2522918000,1594493000,0,0,725642000,555130000,0,0
"0000029905-21-000010",2020,"29905","DOV",6683760000,4209741000,2474019000,0,0,932987000,841734000,0,0
"0001751788-21-000010",2020,"1751788","DOW",38542000000,33346000000,5196000000,0,0,0,2071000000,0,0
"0000783280-21-000012",2020,"783280","DRE",993198000,0,0,0,0,417846000,297537000,0,0
"0001666700-21-000005",2020,"1666700","DD",20397000000,13522000000,6875000000,0,0,0,-2897000000,0,0
"0001688568-21-000029",2021,"1688568","DXC",17729000000,0,0,0,0,1102000000,654000000,0,0
"0000915389-21-000016",2020,"915389","EMN",8473000000,6498000000,1975000000,0,0,0,530000000,0,0
"0001551182-21-000022",2020,"1551182","ETN",17858000000,12408000000,5450000000,0,0,1352000000,1746000000,0,0
"0001065088-21-000006",2020,"1065088","EBAY",14000000,2473000000,7798000000,5087000000,0,2711000000,3420000000,0,0
"0001558370-21-001916",2020,"31462","ECL",11790200000,6905800000,4884400000,0,0,1395700000,1161400000,0,0
"0000827052-21-000019",2020,"827052","EIX",13578000000,0,0,0,0,1217000000,566000000,0,0
"0001099800-21-000007",2020,"1099800","EW",4386300000,1080600000,3305700000,0,0,897600000,916700000,0,0
"0000712515-21-000064",2021,"712515","EA",5629000000,1494000000,4135000000,3089000000,0,1046000000,1017000000,0,0
"0000032604-21-000038",2021,"32604","EMR",18236000000,10673000000,7563000000,0,0,0,2912000000,0,0
"0001463101-21-000016",2020,"1463101","ENPH",774425000,428444000,345981000,159542000,0,186439000,119410000,0,0
"0000065984-21-000096",2020,"65984","ETR",147554000,904268000,-756714000,0,0,1769195000,1285147000,0,0
"0000821189-21-000017",2020,"821189","EOG",11032048000,0,0,0,0,-544016000,-739054000,0,0
"0001352010-21-000010",2020,"1352010","EPAM",2659478000,1732522000,926956000,0,0,379324000,378479000,0,0
"0000033185-21-000025",2020,"33185","EFX",4127500000,0,0,0,0,676600000,685200000,0,0
"0001628280-21-002563",2020,"1101239","EQIX",5998545000,3074340000,2924205000,1871277000,0,1052928000,516225000,0,0
"0000920522-21-000015",2020,"920522","ESS",1495748000,108682000,191942000,960592000,0,491441000,0,0,0
"0001001250-21-000127",2021,"1001250","EL",16215000000,3834000000,12381000000,9763000000,0,2618000000,3331000000,0,0
"0001370637-21-000012",2020,"1370637","ETSY",1725625000,464745000,1260880000,836871000,0,424009000,365709000,0,0
"0001711269-21-000023",2020,"1711269","EVRG",4913400000,0,0,0,0,1143900000,723900000,0,0
"0000072741-21-000005",2020,"72741","ES",8904430000,0,0,6915696000,0,1988734000,0,0,0
"0001095073-21-000006",2020,"1095073","RE",9598114000,0,0,0,0,0,585349000,0,0
"0001109357-21-000022",2020,"1109357","EXC",33039000000,0,0,30240000000,0,2823000000,2333000000,0,0
"0001324424-21-000015",2020,"1324424","EXPE",5199000000,0,0,0,0,-2719000000,-3151000000,0,0
"0001564590-21-006925",2020,"746515","EXPD",10116481000,0,0,0,0,940437000,956564000,0,0
"0001628280-21-003458",2020,"1289490","EXR",1356212000,360615000,995597000,347532000,0,666140000,509031000,0,0
"0000034088-21-000012",2020,"34088","XOM",181502000000,0,0,0,0,0,-28883000000,0,0
"0001048695-21-000044",2021,"1048695","FFIV",2603416000,493146000,2110270000,1716245000,0,394025000,386937000,0,0
"0001013237-21-000142",2021,"1013237","FDS",1591445000,786400000,805045000,0,0,474041000,467617000,0,0
"0000815556-21-000008",2020,"815556","FAST",5647300000,3079500000,2567800000,0,0,1141800000,1132700000,0,0
"0000034903-21-000020",2020,"34903","FRT",835494000,0,0,586869000,0,289524000,0,0,0
"0001564590-21-037031",2021,"1048911","FDX",83959000000,0,0,0,0,5857000000,6674000000,0,0
"0001136893-21-000025",2020,"1136893","FIS",12552000000,8348000000,4204000000,0,0,552000000,266000000,0,0
"0000035527-21-000100",2020,"35527","FITB",559000000,0,0,292000000,0,0,1797000000,0,0
"0001031296-21-000020",2020,"1031296","FE",10790000000,0,0,0,0,2162000000,1129000000,0,0
"0000798354-21-000004",2020,"798354","FISV",963000000,5841000000,366000000,12403000000,0,1852000000,1171000000,0,0
"0001175454-21-000022",2020,"1175454","FLT",2388855000,65500000,2323355000,0,0,972265000,882525000,0,0
"0000037785-21-000024",2020,"37785","FMC",4642100000,2590100000,2052000000,0,0,902200000,729800000,0,0
"0000037996-21-000012",2020,"37996","F",127144000000,112752000000,14392000000,0,0,-4408000000,-1116000000,0,0
"0001262039-21-000008",2020,"1262039","FTNT",2594400000,570000000,2024400000,1492600000,0,531800000,541700000,0,0
"0001659166-21-000062",2020,"1659166","FTV",4634400000,2025900000,2608500000,0,0,539400000,1507700000,0,0
"0001564590-21-008129",2020,"1519751","FBHS",6090300000,3925900000,2164400000,0,0,801400000,730800000,0,0
"0001564590-21-043103",2021,"1754301","FOXA",12909000000,0,0,0,0,0,2918000000,0,0
"0000038777-21-000205",2021,"38777","BEN",8425500000,0,0,6550500000,0,1875000000,2444200000,0,0
"0000831259-21-000009",2020,"831259","FCX",14198000000,11655000000,2543000000,106000000,0,2437000000,1797000000,0,0
"0000039911-21-000021",2021,"39911","GPS",13800000000,9095000000,4705000000,5567000000,0,-862000000,-1102000000,0,0
"0001564590-21-006192",2020,"1121788","GRMN",4186573000,1705237000,2481336000,1427096000,0,1054240000,1059074000,0,0
"0000749251-21-000010",2020,"749251","IT",3602892000,1345024000,2257868000,0,0,490150000,326133000,0,0
"0001437749-21-003793",2020,"1474735","GNRC",2485200000,1527546000,957654000,478548000,0,479106000,446191000,0,0
"0000040533-21-000010",2020,"40533","GD",37925000000,18192000000,19733000000,0,0,4133000000,3738000000,0,0
"0000040545-21-000011",2020,"40545","GE",79619000000,60421000000,3199000000,0,0,274000000,5197000000,0,0
"0001193125-21-204830",2021,"40704","GIS",2189200000,11678700000,882900000,0,0,3144800000,2857400000,0,0
"0001467858-22-000034",2021,"1467858","GM",127004000000,100544000000,26460000000,0,0,9324000000,12716000000,0,0
"0000040987-21-000009",2020,"40987","GPC",16537433000,10882592000,5654841000,5239898000,0,867743000,379368000,0,0
"0000882095-21-000008",2020,"882095","GILD",24689000000,4572000000,20117000000,0,0,4071000000,1669000000,0,0
"0000320335-21-000010",2020,"320335","GL",4737921000,0,901055000,0,0,905363000,896684000,0,0
"0001123360-21-000009",2020,"1123360","GPN",7423558000,3650727000,3772831000,0,0,893953000,593956000,0,0
"0000277135-21-000007",2020,"277135","GWW",11797000000,7559000000,4238000000,0,0,1019000000,947000000,0,0
"0000045012-21-000009",2020,"45012","HAL",14445000000,9458000000,4987000000,0,0,-2436000000,-3220000000,0,0
"0000874766-21-000022",2020,"874766","HIG",20523000000,0,0,7000000,0,-221000000,2120000000,0,0
"0000046080-21-000035",2020,"46080","HAS",5465443000,1718888000,3746555000,0,0,501814000,322062000,0,0
"0001193125-21-048994",2020,"860730","HCA",51533000000,0,0,0,0,0,5430000000,0,0
"0001628280-21-001804",2020,"765880","PEAK",1644875000,782541000,862334000,782541000,0,0,217683000,0,0
"0001000228-21-000019",2020,"1000228","HSIC",10119141000,7304798000,2814343000,0,0,535303000,499895000,0,0
"0000047111-21-000007",2020,"47111","HSY",8149719000,4448450000,3701269000,0,0,1782698000,1494997000,0,0
"0001628280-21-003531",2020,"4447","HES",4804000000,0,0,0,0,0,-2850000000,0,0
"0001645590-21-000068",2021,"1645590","HPE",27784000000,11892000000,15892000000,0,0,1132000000,3587000000,0,0
"0001585689-21-000016",2020,"1585689","HLT",4307000000,620000000,3687000000,0,0,-418000000,-924000000,0,0
"0000859737-21-000023",2021,"859737","HOLX",5632300000,1205100000,3795800000,1315500000,0,2480300000,2361100000,0,0
"0000354950-21-000089",2021,"354950","HD",132110000000,87257000000,44853000000,26575000000,0,18278000000,16978000000,0,0
"0000773840-21-000015",2020,"773840","HON",32637000000,22169000000,10468000000,0,0,0,6012000000,0,0
"0000048465-21-000067",2021,"48465","HRL",11386189000,9458283000,1927906000,0,0,1122599000,1126170000,0,0
"0001564590-21-008676",2020,"1070750","HST",1620000000,362000000,1258000000,0,0,-953000000,-961000000,0,0
"0000004281-21-000049",2020,"4281","HWM",5259000000,0,0,0,0,626000000,171000000,0,0
"0000047217-21-000060",2021,"47217","HPQ",63487000000,50070000000,13417000000,8115000000,0,5302000000,7511000000,0,0
"0000049071-21-000039",2020,"49071","HUM",77155000000,0,0,0,0,4986000000,4674000000,0,0
"0000049196-21-000018",2020,"49196","HBAN",884000000,0,0,0,0,0,972000000,0,0
"0001501585-21-000008",2020,"1501585","HII",9361000000,5621000000,3740000000,0,0,799000000,810000000,0,0
"0000832101-21-000017",2020,"832101","IEX",2351646000,1324222000,1027424000,0,0,520713000,470340000,0,0
"0000874716-21-000008",2020,"874716","IDXX",2706655000,9645000,1571040000,0,0,694524000,661985000,0,0
"0001598014-22-000011",2021,"1598014","INFO",4658100000,1708300000,2949800000,0,0,1561400000,1341500000,0,0
"0000049826-21-000007",2020,"49826","ITW",12574000000,7375000000,5199000000,0,0,2882000000,2704000000,0,0
"0001110803-21-000015",2021,"1110803","ILMN",3239000000,1036000000,2203000000,1623000000,0,580000000,856000000,0,0
"0001558370-21-000825",2020,"879169","INCY",2666702000,131328000,2535374000,2799050000,0,-263676000,-232218000,0,0
"0001628280-21-003454",2020,"1699150","IR",4910200000,3296800000,1613400000,113100000,0,85700000,-19400000,0,0
"0000050863-22-000007",2021,"50863","INTC",79024000000,35209000000,43815000000,24359000000,0,19456000000,21703000000,0,0
"0001571949-22-000006",2021,"1571949","ICE",9168000000,0,0,3697000000,0,3449000000,5698000000,0,0
"0001558370-21-001489",2020,"51143","IBM",73620000000,38046000000,35575000000,0,0,0,4637000000,0,0
"0000051434-21-000012",2020,"51434","IP",6560000000,14373000000,1100000000,0,0,1819000000,650000000,0,0
"0000051644-21-000012",2020,"51644","IPG",9061000000,7709400000,1351600000,8472600000,0,588400000,361300000,0,0
"0000051253-21-000011",2020,"51253","IFF",342200000,2998373000,2085866000,0,0,566484000,441371000,0,0
"0000896878-21-000233",2021,"896878","INTU",9633000000,69000000,9564000000,0,0,2500000000,2556000000,0,0
"0001035267-22-000014",2021,"1035267","ISRG",5710100000,1751600000,3958500000,2137500000,0,1821000000,1890300000,0,0
"0000914208-21-000331",2020,"914208","IVZ",39800000,0,0,5225200000,0,920400000,1069100000,0,0
"0001111928-21-000026",2020,"1111928","IPGP",1200724000,661728000,538996000,340337000,0,198659000,205692000,0,0
"0001478242-21-000020",2020,"1478242","IQV",11359000000,0,1216000000,0,0,731000000,373000000,0,0
"0001020569-21-000067",2020,"1020569","IRM",4147270000,0,0,0,0,934785000,0,0,0
"0000779152-21-000073",2021,"779152","JKHY",1758225000,1063399000,316811000,296107000,0,398719000,397725000,0,0
"0000052988-21-000065",2021,"52988","J",1037300000,11048860000,3043772000,0,0,688089000,695602000,0,0
"0001437749-21-003667",2020,"728535","JBHT",9636573000,0,0,0,0,713119000,666025000,0,0
"0000091419-21-000048",2021,"91419","SJM",8002700000,4864000000,3138700000,0,0,1386800000,1171900000,0,0
"0000200406-21-000008",2021,"200406","JNJ",82584000000,28427000000,54157000000,0,0,0,16497000000,0,0
"0000833444-21-000046",2021,"833444","JCI",23668000000,15609000000,8059000000,0,0,0,2614000000,0,0
"0000019617-21-000236",2020,"19617","JPM",119543000000,0,0,0,0,0,35407000000,0,0
"0001043604-21-000013",2020,"1043604","JNPR",4445100000,1871400000,2573700000,2220600000,0,353100000,265200000,0,0
"0001628280-21-002660",2021,"55067","K",13770000000,9043000000,4727000000,0,0,1761000000,1601000000,0,0
"0000091576-21-000044",2020,"91576","KEY",6715000000,0,0,0,0,0,1556000000,0,0
"0001601046-21-000197",2021,"1601046","KEYS",4941000000,1872000000,3069000000,0,0,1080000000,1010000000,0,0
"0000055785-21-000016",2020,"55785","KMB",19140000000,12318000000,6822000000,0,0,3244000000,2930000000,0,0
"0001437749-21-003766",2020,"879101","KIM",1057893000,0,0,731765000,0,332612000,927874000,0,0
"0001506307-21-000022",2020,"1506307","KMI",11700000000,2545000000,9155000000,0,0,1560000000,661000000,0,0
"0000319201-21-000029",2021,"319201","KLAC",6918734000,2772165000,3705222000,0,0,0,2360454000,0,0
"0001637459-21-000009",2020,"1637459","KHC",26185000000,17008000000,9177000000,0,0,2128000000,1030000000,0,0
"0001558370-21-003706",2021,"56873","KR",132498000000,0,0,0,0,2780000000,3370000000,0,0
"0000202058-21-000008",2021,"202058","LHX",18194000000,12886000000,5308000000,0,0,400000000,1322000000,0,0
"0000920148-21-000018",2020,"920148","LH",13978500000,9025700000,4952800000,0,0,2445400000,0,0,0
"0000707549-21-000136",2021,"707549","LRCX",14626150000,7820844000,6805306000,2323283000,0,4482023000,4370804000,0,0
"0001558370-21-009330",2021,"1679273","LW",1169500000,2838900000,832000000,0,0,474800000,408300000,0,0
"0001300514-21-000033",2020,"1300514","LVS",3612000000,1758000000,1854000000,3542000000,0,-1688000000,-2181000000,0,0
"0001336920-21-000010",2021,"1336920","LDOS",12297000000,10560000000,1737000000,0,0,998000000,781000000,0,0
"0001628280-22-001450",2021,"920760","LEN",27130676000,533398000,26597278000,1549702000,0,5031762000,5819058000,0,0
"0000059478-21-000083",2020,"59478","LLY",24539800000,5483300000,19056500000,0,0,0,7229900000,0,0
"0000059558-21-000011",2020,"59558","LNC",17439000000,0,0,0,0,0,423000000,0,0
"0001628280-21-003574",2020,"1707925","LIN",600000000,0,0,0,0,3322000000,3384000000,0,0
"0001335258-21-000009",2020,"1335258","LYV",1861178000,0,0,0,0,-1653192000,-1856665000,0,0
"0001065696-21-000010",2020,"1065696","LKQ",11628830000,7035559000,4593271000,0,0,985577000,884995000,0,0
"0000936468-22-000008",2021,"936468","LMT",67044000000,57983000000,9061000000,0,0,9123000000,7550000000,0,0
"0001140361-21-003906",2020,"60086","L",12583000000,0,0,0,0,0,-1464000000,0,0
"0000060667-21-000026",2021,"60667","LOW",89597000000,60025000000,29572000000,0,0,9647000000,7739000000,0,0
"0000018926-21-000017",2020,"18926","LUMN",20712000000,8934000000,11778000000,0,0,962000000,-782000000,0,0
"0001489393-21-000007",2020,"1489393","LYB",27753000000,24359000000,1373000000,1835000000,0,1559000000,1386000000,0,0
"0001564590-21-007188",2020,"36270","MTB",5954761000,0,0,0,0,0,1769521000,0,0
"0000101778-21-000018",2020,"101778","MRO",3086000000,0,0,0,0,-1180000000,-1465000000,0,0
"0001510295-21-000027",2020,"1510295","MPC",69779000000,65733000000,4046000000,0,0,-12247000000,-13612000000,0,0
"0001564590-21-006981",2020,"1278021","MKTX",689125000,0,0,314397000,0,374728000,374359000,0,0
"0001628280-21-002433",2020,"1048286","MAR",10571000000,8435000000,2136000000,2052000000,0,84000000,-466000000,0,0
"0000062709-21-000008",2020,"62709","MMC",17224000000,0,0,14158000000,0,3066000000,2793000000,0,0
"0001564590-21-006959",2020,"916076","MLM",4729900000,3477100000,1252800000,0,0,1005400000,889300000,0,0
"0000062996-21-000008",2020,"62996","MAS",7188000000,4601000000,2587000000,94000000,0,1295000000,1131000000,0,0
"0001141391-21-000018",2020,"1141391","MA",15301000000,0,0,7220000000,0,8081000000,7760000000,0,0
"0000891103-21-000014",2020,"891103","MTCH",2391269000,635833000,1755436000,0,0,745715000,586785000,0,0
"0000063754-22-000005",2021,"63754","MKC",6317900000,3823300000,2494600000,0,0,1015100000,200000,0,0
"0000063908-21-000013",2020,"63908","MCD",19207800000,0,0,0,0,7324000000,0,0,0
"0000927653-21-000039",2021,"927653","MCK",238228000000,226080000000,12148000000,17188000000,0,-5040000000,-5034000000,0,0
"0001613103-21-000027",2021,"1613103","MDT",30117000000,10483000000,19634000000,0,0,4484000000,3895000000,0,0
"0000310158-21-000004",2020,"310158","MRK",47994000000,15485000000,32509000000,0,0,0,8791000000,0,0
"0001326801-22-000018",2021,"1326801","FB",117929000000,22649000000,95280000000,48527000000,0,46753000000,47284000000,0,0
"0001099219-21-000050",2020,"1099219","MET",67842000000,0,0,13150000000,0,3224000000,6927000000,0,0
"0001037646-21-000008",2020,"1037646","MTD",3085177000,954697000,1801031000,0,0,0,748743000,0,0
"0001564590-21-009205",2020,"789570","MGM",5162082000,1701783000,3460299000,0,0,-642434000,-1511479000,0,0
"0000827054-21-000106",2021,"827054","MCHP",5438400000,2059600000,3378800000,2380700000,0,998100000,339500000,0,0
"0000723125-21-000065",2021,"723125","MU",27705000000,17282000000,10423000000,0,0,6283000000,6218000000,0,0
"0001564590-21-039151",2021,"789019","MSFT",168088000000,52232000000,115856000000,0,0,69916000000,71102000000,0,0
"0001564590-21-006666",2020,"912595","MAA",1677984000,0,0,0,0,0,265841000,0,0
"0001682852-21-000006",2020,"1682852","MRNA",803395000,7933000,795462000,0,0,-763144000,-744513000,0,0
"0000851968-21-000019",2020,"851968","MHK",9552197000,7121507000,2430690000,0,0,636002000,584374000,0,0
"0000024545-21-000004",2020,"24545","TAP",11723800000,5885700000,3768300000,0,0,-408900000,-643900000,0,0
"0001103982-21-000004",2020,"1103982","MDLZ",26581000000,16135000000,10446000000,0,0,3853000000,3383000000,0,0
"0001437749-21-004587",2020,"1280452","MPWR",844452000,378498000,465954000,307072000,0,158882000,169342000,0,0
"0001104659-21-029943",2020,"865752","MNST",4598638000,1874758000,2723880000,1090727000,0,1633153000,1626157000,0,0
"0001059556-21-000010",2020,"1059556","MCO",5371000000,1475000000,3896000000,1508000000,0,2388000000,2229000000,0,0
"0001618034-21-000003",2020,"1285785","MOS",8681700000,7616800000,1064900000,0,0,412900000,180900000,0,0
"0000068505-21-000008",2020,"68505","MSI",7414000000,3806000000,3608000000,0,0,1383000000,1174000000,0,0
"0001564590-21-005811",2020,"1408198","MSCI",1695390000,291704000,1403686000,518922000,0,884764000,686225000,0,0
"0001120193-21-000011",2020,"1120193","NDAQ",5627000000,2029000000,2903000000,1669000000,0,1234000000,1212000000,0,0
"0001564590-21-033645",2021,"1002047","NTAP",5744000000,1929000000,3815000000,2784000000,0,1031000000,962000000,0,0
"0001065280-22-000036",2021,"1065280","NFLX",29697844000,17332683000,12365161000,0,0,6194509000,5840103000,0,0
"0000814453-21-000050",2020,"814453","NWL",9385000000,6306000000,3079000000,0,0,-634000000,-1006000000,0,0
"0001164727-21-000027",2020,"1164727","NEM",11497000000,0,0,0,0,0,3143000000,0,0
"0001564708-21-000029",2021,"1564708","NWSA",9358000000,0,0,0,0,0,450000000,0,0
"0000753308-21-000014",2020,"753308","NEE",17000000000,0,0,13234000000,0,5116000000,2413000000,0,0
"0001564590-21-008814",2020,"1492633","NLSN",6290000000,2760000000,3530000000,0,0,466000000,74000000,0,0
"0000320187-21-000028",2021,"320187","NKE",44538000000,24576000000,19962000000,0,0,0,6661000000,0,0
"0001111711-21-000010",2020,"1111711","NI",12100000,0,0,0,0,550800000,0,0,0
"0000702165-21-000006",2020,"702165","NSC",9789000000,0,0,0,0,3002000000,2530000000,0,0
"0000073124-21-000071",2020,"73124","NTRS",6100800000,0,0,0,0,0,1627600000,0,0
"0001133421-22-000004",2021,"1133421","NOC",35667000000,22309000000,13358000000,31996000000,0,5651000000,8938000000,0,0
"0000849399-21-000010",2021,"849399","NLOK",2551000000,362000000,2189000000,1293000000,0,896000000,872000000,0,0
"0001558370-21-001998",2020,"1513761","NCLH",1279908000,0,0,3070982000,0,-3484135000,-4000047000,0,0
"0001013871-21-000005",2020,"1013871","NRG",9093000000,6540000000,2553000000,1451000000,0,1105000000,761000000,0,0
"0001564590-21-009503",2020,"73309","NUE",20139658000,17911708000,2227950000,0,0,0,835538000,0,0
"0001045810-21-000010",2021,"1045810","NVDA",16675000000,6279000000,10396000000,5864000000,0,4532000000,4409000000,0,0
"0000906163-21-000017",2020,"906163","NVR",7536923000,5937401000,1599522000,0,0,977418000,0,0,0
"0001413447-21-000011",2020,"1413447","NXPI",8612000000,4377000000,4235000000,3931000000,0,418000000,1000000,0,0
"0000898173-21-000012",2020,"898173","ORLY",11604493000,5518801000,6085692000,0,0,2419336000,2266405000,0,0
"0000797468-21-000009",2020,"797468","OXY",17809000000,2408000000,15401000000,0,0,0,-15705000000,0,0
"0001564590-21-008056",2020,"878927","ODFL",4015129000,0,0,0,0,906882000,901364000,0,0
"0000029989-21-000004",2020,"29989","OMC",13171100000,10989200000,2181900000,0,0,1598800000,1409300000,0,0
"0001039684-21-000015",2020,"1039684","OKE",8542242000,5110146000,3432096000,0,0,1361357000,802316000,0,0
"0001564590-21-033616",2021,"1341439","ORCL",40479000000,0,0,0,0,15213000000,0,0,0
"0001781335-21-000023",2020,"1781335","OTIS",12756000000,4439000000,8317000000,0,0,1639000000,1511000000,0,0
"0001564590-21-006370",2020,"75362","PCAR",18728500000,15076400000,3652100000,0,0,0,1657900000,0,0
"0001564590-21-008051",2020,"75677","PKG",6658200000,5288800000,1369400000,0,0,723900000,632700000,0,0
"0000076334-21-000187",2021,"76334","PH",14347640000,10449680000,3897960000,0,0,2459941000,2246957000,0,0
"0000723531-21-000035",2021,"723531","PAYX",4056800000,1271200000,2785600000,1324900000,0,1460700000,1434200000,0,0
"0001564590-21-006660",2020,"1590955","PAYC",841434000,123546000,717888000,531765000,0,186123000,185936000,0,0
"0001633917-22-000027",2021,"1633917","PYPL",25371000000,0,0,21109000000,0,4262000000,4099000000,0,0
"0000921738-21-000009",2020,"921738","PENN",3578700000,1530300000,2048400000,0,0,-410200000,-834200000,0,0
"0000077360-21-000005",2020,"77360","PNR",3017800000,1960200000,1057600000,0,0,461400000,432100000,0,0
"0001628280-21-003563",2020,"1378946","PBCT",497500000,0,0,30200000,0,0,348600000,0,0
"0000077476-21-000007",2020,"77476","PEP",70372000000,31797000000,38575000000,0,0,10080000000,9069000000,0,0
"0000031791-21-000003",2021,"31791","PKI",3782745000,1105614000,2109877000,0,0,978581000,906364000,0,0
"0000078003-21-000038",2020,"78003","PFE",6224000000,8692000000,5650000000,0,0,0,7497000000,0,0
"0001413329-21-000007",2020,"1413329","PM",28694000000,9569000000,19125000000,0,0,11668000000,10953000000,0,0
"0001534701-21-000074",2020,"1534701","PSX",30531000000,57707000000,-27176000000,0,0,0,-4964000000,0,0
"0000764622-21-000013",2020,"764622","PNW",3586982000,0,0,0,0,788152000,-23000000,0,0
"0001038357-21-000016",2020,"1038357","PXD",6685000000,682000000,6003000000,0,0,0,-261000000,0,0
"0000713676-21-000025",2020,"713676","PNC",16901000000,0,0,0,0,0,3429000000,0,0
"0000945841-21-000022",2020,"945841","POOL",3936623000,2805721000,1130902000,0,0,464027000,451674000,0,0
"0000079879-21-000008",2020,"79879","PPG",13834000000,7777000000,6057000000,0,0,2109000000,1362000000,0,0
"0000922224-21-000006",2020,"922224","PPL",7607000000,0,0,0,0,2803000000,1971000000,0,0
"0001104659-21-022074",2020,"1126328","PFG",14741700000,0,0,0,0,0,0,0,0
"0000080424-21-000100",2021,"80424","PG",76118000000,37108000000,39010000000,0,0,17986000000,0,0,0
"0000080661-21-000014",2020,"80661","PGR",42658100000,0,0,0,0,0,7173200000,0,0
"0001564590-21-005312",2020,"1045609","PLD",4438735000,0,0,0,0,2118944000,1747088000,0,0
"0001137774-21-000049",2020,"1137774","PRU",57033000000,0,0,8887000000,0,0,-323000000,0,0
"0000788784-21-000007",2020,"788784","PEG",9603000000,3056000000,6547000000,7333000000,0,2270000000,2301000000,0,0
"0001564590-21-057806",2021,"857005","PTC",1807159000,371102000,1436057000,1055309000,0,380748000,391755000,0,0
"0001562762-21-000058",2020,"1393311","PSA",2915068000,0,0,0,0,1914087000,0,0,0
"0000822416-21-000007",2020,"822416","PHM",11036082000,8004823000,3031259000,0,0,0,0,0,0
"0000078239-21-000017",2021,"78239","PVH",7132600000,3355800000,3776800000,0,0,-1071700000,-1193000000,0,0
"0001604778-21-000032",2021,"1604778","QRVO",4015307000,2131741000,1883566000,976939000,0,906627000,807380000,0,0
"0001050915-21-000009",2020,"1050915","PWR",11202672000,9541825000,1660847000,0,0,611371000,571346000,0,0
"0001728949-21-000076",2021,"804328","QCOM",33566000000,14262000000,19304000000,9515000000,0,9789000000,10274000000,0,0
"0001022079-21-000029",2020,"1022079","DGX",9437000000,5804000000,3633000000,1662000000,0,1971000000,1884000000,0,0
"0001037038-21-000022",2021,"1037038","RL",4400800000,1539400000,2861400000,2905000000,0,-43600000,-74800000,0,0
"0000720005-21-000106",2021,"720005","RJF",9910000000,0,0,220000000,0,0,1791000000,0,0
"0000101829-21-000008",2020,"101829","RTX",56587000000,38137000000,18450000000,0,0,-1889000000,-2353000000,0,0
"0000726728-21-000043",2020,"726728","O",1651625000,0,0,0,0,0,0,0,0
"0001564590-21-006390",2020,"910606","REG",1016175000,0,0,746620000,0,0,13148000,0,0
"0001804220-21-000008",2020,"872589","REGN",8497100000,491900000,8005200000,0,0,3576600000,3810400000,0,0
"0001281761-21-000012",2020,"1281761","RF",341000000,0,0,232000000,0,0,1314000000,0,0
"0001060391-21-000014",2020,"1060391","RSG",12031700000,6100500000,5931200000,0,0,1709100000,1142700000,0,0
"0000943819-21-000017",2021,"943819","RMD",3196825000,1357725000,1839100000,935422000,0,903678000,883662000,0,0
"0000315213-21-000025",2020,"315213","RHI",5109000000,3096389000,2012611000,0,0,421758000,421882000,0,0
"0001024478-21-000083",2021,"1024478","ROK",6997400000,4099700000,2897700000,0,0,702100000,1526200000,0,0
"0001171200-21-000076",2020,"84839","ROL",2161220000,1048592000,1112628000,0,0,0,354720000,0,0
"0000882835-21-000011",2020,"882835","ROP",5527100000,1984100000,3543000000,0,0,1431100000,1209300000,0,0
"0000745732-21-000017",2021,"745732","ROST",12531565000,9838574000,2692991000,0,0,0,106297000,0,0
"0000884887-21-000006",2020,"884887","RCL",619795000,2765108000,-2145313000,939481000,0,-4601557000,79119000,0,0
"0000064040-21-000063",2020,"64040","SPGI",7442000000,2092000000,5350000000,1749000000,0,3617000000,3228000000,0,0
"0001108524-21-000014",2021,"1108524","CRM",21252000000,5438000000,15814000000,15359000000,0,455000000,2561000000,0,0
"0001034054-21-000003",2020,"1034054","SBAC",2083138000,102750000,1606610000,972916000,0,633694000,-17749000,0,0
"0001564590-22-002421",2021,"87347","SLB",22929000000,13129000000,9800000000,0,0,3365000000,2374000000,0,0
"0001137789-21-000049",2021,"1137789","STX",10681000000,7764000000,2917000000,0,0,1492000000,1348000000,0,0
"0001628280-21-003329",2020,"1012100","SEE",4903200000,3293900000,1609300000,0,0,788100000,626200000,0,0
"0001032208-21-000007",2020,"1032208","SRE",11370000000,925000000,10445000000,0,0,1373000000,1783000000,0,0
"0001373715-22-000024",2021,"1373715","NOW",5896000000,1353000000,4543000000,4286000000,0,257000000,249000000,0,0
"0000089800-21-000010",2020,"89800","SHW",3581000000,9679100000,8682600000,0,0,3373800000,2519200000,0,0
"0001558370-21-001700",2020,"1063761","SPG",4607503000,0,0,0,0,1971809000,0,0,0
"0000004127-21-000058",2021,"4127","SWKS",5109100000,2596700000,2512400000,899700000,0,1612700000,1598700000,0,0
"0000091440-21-000005",2021,"91440","SNA",3942200000,1844000000,1748500000,1116600000,0,880500000,835200000,0,0
"0001178913-21-000696",2020,"1419612","SEDG",1459271000,997912000,461359000,318798000,0,142561000,163666000,0,0
"0000092122-21-000006",2020,"92122","SO",20375000000,2967000000,17408000000,10905000000,0,4885000000,3496000000,0,0
"0000092380-21-000033",2020,"92380","LUV",9048000000,0,0,0,0,-3816000000,-4256000000,0,0
"0000093556-21-000008",2021,"93556","SWK",14534600000,9566700000,4967900000,0,0,2176000000,1267000000,0,0
"0000829224-21-000086",2021,"829224","SBUX",29060600000,0,0,0,0,4872100000,5356900000,0,0
"0000093751-21-000476",2020,"93751","STT",11703000000,0,0,0,0,0,2899000000,0,0
"0001757898-21-000017",2021,"1757898","STE",3107519000,1764419000,1343100000,794732000,0,548368000,517533000,0,0
"0000310764-21-000027",2020,"310764","SYK",14351000000,5294000000,9057000000,6834000000,0,2223000000,1954000000,0,0
"0000719739-21-000023",2020,"719739","SIVB",1056842000,0,0,0,0,0,1741881000,0,0
"0000883241-21-000022",2021,"883241","SNPS",4204193000,542114000,3342416000,2607626000,0,734790000,805514000,0,0
"0000096021-21-000093",2021,"96021","SYY",51297843000,3100000000,9356749000,7919507000,0,1437242000,584728000,0,0
"0001283699-21-000039",2020,"1283699","TMUS",68397000000,11878000000,56519000000,0,0,6636000000,3530000000,0,0
"0001113169-21-000006",2020,"1113169","TROW",6206700000,0,0,3461000000,0,2745700000,3242200000,0,0
"0001628280-21-010627",2021,"946581","TTWO",3372772000,1535085000,1837687000,1208303000,0,629384000,677816000,0,0
"0001116132-21-000020",2021,"1116132","TPR",5746300000,1664400000,4081900000,-1485800000,0,968000000,897300000,0,0
"0000027419-21-000010",2021,"27419","TGT",93561000000,66177000000,27384000000,0,0,6539000000,5546000000,0,0
"0001558370-21-015228",2021,"1385157","TEL",14923000000,10036000000,4887000000,0,0,2434000000,2378000000,0,0
"0001094285-21-000066",2021,"1094285","TDY",3086200000,1905300000,1180900000,0,0,480100000,469700000,0,0
"0000096943-21-000013",2020,"96943","TFX",2537156000,1212282000,1324874000,0,0,423068000,357732000,0,0
"0001193125-21-050735",2020,"97210","TER",3121469000,1335728000,1785741000,857334000,0,928407000,901015000,0,0
"0001564590-21-004599",2020,"1318605","TSLA",31536000000,19696000000,6630000000,4636000000,0,1994000000,1154000000,0,0
"0000097476-21-000006",2020,"97476","TXN",14461000000,5192000000,9269000000,0,0,5894000000,6017000000,0,0
"0000217346-21-000019",2021,"217346","TXT",11651000000,10094000000,1557000000,0,0,16000000,282000000,0,0
"0000097745-21-000011",2020,"97745","TMO",32218000000,11407000000,20811000000,0,0,7794000000,7225000000,0,0
"0000109198-21-000006",2021,"109198","TJX",32136962000,24533815000,7603147000,0,0,891180000,89263000,0,0
"0000916365-21-000052",2020,"916365","TSCO",10620352000,6858803000,3761549000,0,0,996928000,968147000,0,0
"0001466258-21-000027",2020,"1466258","TT",12454700000,8651300000,3803400000,0,0,1532800000,1288200000,0,0
"0001260221-21-000134",2021,"1260221","TDG",4798000000,2285000000,2513000000,0,0,1691000000,715000000,0,0
"0000086312-21-000011",2020,"86312","TRV",31981000000,0,0,0,0,0,3237000000,0,0
"0000864749-21-000029",2021,"864749","TRMB",3152000000,1392800000,1754900000,1335100000,0,419800000,395000000,0,0
"0000092230-21-000032",2020,"92230","TFC",2987000000,0,0,507000000,0,0,5473000000,0,0
"0001418091-21-000031",2020,"1418091","TWTR",3716349000,1366388000,2349961000,2323303000,0,26658000,-50939000,0,0
"0000860731-21-000014",2020,"860731","TYL",1116663000,574151000,542512000,0,0,172926000,175042000,0,0
"0000100493-21-000122",2021,"100493","TSN",47049000000,40523000000,6526000000,0,0,4396000000,4041000000,0,0
"0000074208-21-000025",2020,"74208","UDR",1241165000,0,0,0,0,249103000,71515000,0,0
"0001558370-21-003523",2021,"1403568","ULTA",6151953000,4202794000,1949159000,0,0,236820000,231085000,0,0
"0001193125-21-052547",2020,"36104","USB",4337000000,0,0,573000000,0,0,6051000000,0,0
"0001336917-21-000009",2020,"1336917","UAA",4474667000,2314572000,2160095000,0,0,-613438000,-492544000,0,0
"0000100885-21-000068",2020,"100885","UNP",19533000000,0,0,11699000000,0,7834000000,6980000000,0,0
"0000100517-21-000016",2020,"100517","UAL",15355000000,0,0,0,0,-6359000000,-8822000000,0,0
"0000731766-21-000013",2020,"731766","UNH",257141000000,30745000000,226396000000,27000000,0,22405000000,20742000000,0,0
"0001090727-21-000013",2020,"1090727","UPS",84628000000,2365000000,82263000000,0,0,7684000000,1844000000,0,0
"0001067701-22-000008",2021,"1067701","URI",9716000000,537000000,3853000000,0,0,2277000000,1846000000,0,0
"0001564590-21-008851",2020,"352915","UHS",73000000,0,0,10200543000,0,1358354000,1252083000,0,0
"0001035002-21-000051",2020,"1035002","VLO",64912000000,65652000000,-740000000,0,0,-1579000000,-2010000000,0,0
"0000740260-21-000048",2020,"740260","VTR",3795357000,0,0,0,0,0,80589000,0,0
"0001014473-21-000005",2020,"1014473","VRSN",1265052000,180177000,1084875000,260674000,0,824201000,750244000,0,0
"0001437749-21-003789",2020,"1442145","VRSK",2784600000,993900000,1790700000,752600000,0,1038100000,897500000,0,0
"0000732712-21-000012",2020,"732712","VZ",128292000000,31401000000,96891000000,0,0,28798000000,23967000000,0,0
"0000875320-21-000006",2020,"875320","VRTX",6205683000,736300000,5469383000,0,0,2856290000,3116798000,0,0
"0000103379-21-000006",2021,"103379","VFC",9238830000,4370780000,4868050000,0,0,607631000,456472000,0,0
"0000813828-21-000005",2020,"813828","VIAC",25285000000,0,0,0,0,4139000000,3147000000,0,0
"0001792044-21-000009",2020,"1792044","VTRS",11946000000,8149300000,3796700000,4007500000,0,-210800000,-721200000,0,0
"0001403161-21-000060",2021,"1403161","V",24105000000,0,0,0,0,15804000000,16063000000,0,0
"0000899689-21-000009",2020,"899689","VNO",1527951000,0,0,1550740000,0,0,-425215000,0,0
"0001396009-21-000009",2020,"1396009","VMC",4856826000,3575345000,1281481000,0,0,895731000,743798000,0,0
"0000011544-21-000013",2020,"11544","WRB",8098925000,0,0,0,0,0,704802000,0,0
"0001628280-21-002557",2020,"943452","WAB",7556100000,5419000000,2137100000,1392600000,0,744500000,557200000,0,0
"0000104169-21-000033",2021,"104169","WMT",559151000000,420315000000,138836000000,0,0,22548000000,20564000000,0,0
"0001618921-21-000085",2021,"1618921","WBA",132509000000,104442000000,28067000000,0,0,2342000000,1995000000,0,0
"0001744489-21-000220",2021,"1744489","DIS",67418000000,41129000000,26289000000,0,0,7766000000,2561000000,0,0
"0001558370-21-001348",2020,"823768","WM",15218000000,9341000000,5877000000,4000000,0,2434000000,1893000000,0,0
"0001193125-21-054385",2020,"1000697","WAT",2365365000,1006689000,1358676000,0,0,645489000,610914000,0,0
"0000107815-21-000079",2020,"783325","WEC",7241700000,2319500000,4922200000,5300000,0,1706100000,1429300000,0,0
"0000072971-21-000197",2020,"72971","WFC",5000000,0,0,4540000000,0,0,581000000,0,0
"0000766704-21-000018",2020,"766704","WELL",4605967000,2597823000,2008144000,0,0,0,-31552000,0,0
"0000105770-21-000008",2020,"105770","WST",2146900000,1379100000,767800000,0,0,406900000,401300000,0,0
"0000106040-21-000040",2021,"106040","WDC",16922000000,12401000000,4521000000,3301000000,0,1220000000,927000000,0,0
"0001564590-21-057778",2021,"1732845","WRK",3466900000,15315800000,3430300000,0,0,1281200000,1085900000,0,0
"0001564590-21-006960",2020,"106535","WY",7532000000,5447000000,2085000000,0,0,1710000000,982000000,0,0
"0000106640-21-000022",2020,"106640","WHR",19456000000,15606000000,3850000000,0,0,1623000000,1455000000,0,0
"0000107263-21-000006",2020,"107263","WMB",7719000000,0,0,0,0,2202000000,277000000,0,0
"0001564590-21-007578",2020,"1140536","WTW",9352000000,0,0,0,0,1183000000,1338000000,0,0
"0001174922-21-000029",2020,"1174922","WYNN",2095861000,1064976000,1030885000,0,0,-1232045000,-1762275000,0,0
"0000072903-21-000012",2020,"72903","XEL",9802000000,0,0,43000000,0,2116000000,1467000000,0,0
"0000743988-21-000016",2021,"743988","XLNX",3147599000,994604000,2152995000,1399856000,0,753139000,729678000,0,0
"0001524472-21-000008",2020,"1524472","XYL",4876000000,1000000,1830000000,0,0,367000000,285000000,0,0
"0001041061-21-000012",2020,"1041061","YUM",5652000000,1506000000,4146000000,4149000000,0,1503000000,1020000000,0,0
"0000877212-21-000008",2020,"877212","ZBRA",4448000000,2445000000,2003000000,1352000000,0,651000000,560000000,0,0
"0001564590-21-007163",2020,"1136869","ZBH",7024500000,2128300000,4896200000,0,0,-87800000,-274400000,0,0
"0000109380-21-000082",2020,"109380","ZION",549000000,0,0,0,0,0,0,0,0
"0001555280-21-000098",2020,"1555280","ZTS",6675000000,2057000000,2848000000,602000000,0,0,1996000000,0,0
