"accession_number","year","cik","ticker","filingdate","reportdate","form","import_status"
"0001558370-21-000737",2020,"66740","MMM","2021-02-04","2020-12-31","10-K",1
"0000091142-21-000025",2020,"91142","AOS","2021-02-12","2020-12-31","10-K",1
"0001104659-21-025751",2020,"1800","ABT","2021-02-19","2020-12-31","10-K",1
"0001551152-21-000008",2020,"1551152","ABBV","2021-02-19","2020-12-31","10-K",1
"0001564590-21-029314",2021,"815094","ABMD","2021-05-21","2021-03-31","10-K",1
"0001467373-21-000229",2021,"1467373","ACN","2021-10-15","2021-08-31","10-K",1
"0001628280-21-002828",2020,"718877","ATVI","2021-02-23","2020-12-31","10-K",1
"0000796343-22-000032",2021,"796343","ADBE","2022-01-21","2021-12-03","10-K",1
"0001158449-21-000036",2021,"1158449","AAP","2021-02-22","2021-01-02","10-K",1
"0000874761-21-000015",2020,"874761","AES","2021-02-25","2020-12-31","10-K",1
"0000004977-21-000047",2020,"4977","AFL","2021-02-23","2020-12-31","10-K",1
"0001090872-21-000027",2021,"1090872","A","2021-12-17","2021-10-31","10-K",1
"0001104659-21-025742",2020,"5272","AIG","2021-02-19","2020-12-31","10-K",1
"0000002969-21-000055",2021,"2969","APD","2021-11-18","2021-09-30","10-K",1
"0001086222-21-000075",2020,"1086222","AKAM","2021-02-26","2020-12-31","10-K",1
"0000766421-21-000018",2020,"766421","ALK","2021-02-26","2020-12-31","10-K",1
"0000915913-21-000018",2020,"915913","ALB","2021-02-19","2020-12-31","10-K",1
"0001035443-22-000040",2021,"1035443","ARE","2022-01-31","2021-12-31","10-K",1
"0001097149-21-000007",2020,"1097149","ALGN","2021-02-26","2020-12-31","10-K",1
"0001579241-21-000020",2020,"1579241","ALLE","2021-02-16","2020-12-31","10-K",1
"0000352541-21-000022",2020,"352541","LNT","2021-02-19","2020-12-31","10-K",1
"0000899051-21-000011",2020,"899051","ALL","2021-02-22","2020-12-31","10-K",1
"0001652044-22-000019",2021,"1652044","GOOGL","2022-02-02","2021-12-31","10-K",1
"0000764180-21-000037",2020,"764180","MO","2021-02-26","2020-12-31","10-K",1
"0001018724-21-000004",2020,"1018724","AMZN","2021-02-03","2020-12-31","10-K",1
"0001748790-21-000031",2021,"1748790","AMCR","2021-08-24","2021-06-30","10-K",2
"0000002488-22-000016",2021,"2488","AMD","2022-02-03","2021-12-25","10-K",1
"0001002910-21-000065",2020,"1002910","AEE","2021-02-22","2020-12-31","10-K",1
"0000006201-21-000014",2020,"6201","AAL","2021-02-17","2020-12-31","10-K",1
"0000004904-21-000010",2020,"4904","AEP","2021-02-25","2020-12-31","10-K",1
"0000004962-21-000013",2020,"4962","AXP","2021-02-12","2020-12-31","10-K",1
"0001053507-21-000026",2020,"1053507","AMT","2021-02-25","2020-12-31","10-K",1
"0001410636-21-000101",2020,"1410636","AWK","2021-02-24","2020-12-31","10-K",1
"0000820027-21-000012",2020,"820027","AMP","2021-02-24","2020-12-31","10-K",1
"0001140859-21-000058",2021,"1140859","ABC","2021-11-23","2021-09-30","10-K",1
"0001037868-21-000007",2020,"1037868","AME","2021-02-18","2020-12-31","10-K",1
"0000318154-21-000010",2020,"318154","AMGN","2021-02-09","2020-12-31","10-K",1
"0001558370-21-000881",2020,"820313","APH","2021-02-10","2020-12-31","10-K",1
"0000006281-21-000294",2021,"6281","ADI","2021-12-03","2021-10-30","10-K",1
"0001013462-21-000009",2020,"1013462","ANSS","2021-02-24","2020-12-31","10-K",1
"0001156039-21-000012",2020,"1156039","ANTM","2021-02-18","2020-12-31","10-K",1
"0001628280-21-002574",2020,"315293","AON","2021-02-19","2020-12-31","10-K",1
"0000320193-21-000105",2021,"320193","AAPL","2021-10-29","2021-09-25","10-K",1
"0000006951-21-000043",2021,"6951","AMAT","2021-12-17","2021-10-31","10-K",1
"0001521332-21-000009",2020,"1521332","APTV","2021-02-08","2020-12-31","10-K",1
"0000007084-21-000008",2020,"7084","ADM","2021-02-18","2020-12-31","10-K",1
"0001596532-21-000049",2020,"1596532","ANET","2021-02-19","2020-12-31","10-K",1
"0001564590-21-004555",2020,"354190","AJG","2021-02-08","2020-12-31","10-K",1
"0001267238-21-000010",2020,"1267238","AIZ","2021-02-19","2020-12-31","10-K",1
"0000732717-21-000012",2020,"732717","T","2021-02-25","2020-12-31","10-K",1
"0000731802-21-000040",2021,"731802","ATO","2021-11-12","2021-09-30","10-K",1
"0000769397-21-000014",2021,"769397","ADSK","2021-03-19","2021-01-31","10-K",1
"0000008670-21-000027",2021,"8670","ADP","2021-08-04","2021-06-30","10-K",1
"0001558370-21-013446",2021,"866787","AZO","2021-10-25","2021-08-28","10-K",1
"0000915912-21-000004",2020,"915912","AVB","2021-02-25","2020-12-31","10-K",1
"0001193125-21-055146",2021,"8818","AVY","2021-02-25","2021-01-02","10-K",1
"0001701605-21-000026",2020,"1701605","BKR","2021-02-25","2020-12-31","10-K",1
"0001558370-21-001121",2020,"9389","BLL","2021-02-17","2020-12-31","10-K",1
"0000070858-21-000023",2020,"70858","BAC","2021-02-24","2020-12-31","10-K",1
"0000701985-21-000011",2021,"701985","BBWI","2021-03-19","2021-01-30","10-K",1
"0001628280-21-001867",2020,"10456","BAX","2021-02-11","2020-12-31","10-K",1
"0000010795-21-000091",2021,"10795","BDX","2021-11-24","2021-09-30","10-K",1
"0000764478-21-000024",2021,"764478","BBY","2021-03-19","2021-01-30","10-K",1
"0000012208-21-000012",2020,"12208","BIO","2021-02-16","2020-12-31","10-K",1
"0001437749-21-020980",2021,"842023","TECH","2021-08-25","2021-06-30","10-K",1
"0000875045-22-000007",2021,"875045","BIIB","2022-02-03","2021-12-31","10-K",1
"0001564590-21-008796",2020,"1364742","BLK","2021-02-25","2020-12-31","10-K",1
"0001390777-21-000037",2020,"1390777","BK","2021-02-25","2020-12-31","10-K",1
"0000012927-22-000010",2021,"12927","BA","2022-01-31","2021-12-31","10-K",1
"0001075531-21-000019",2020,"1075531","BKNG","2021-02-24","2020-12-31","10-K",1
"0000908255-21-000008",2020,"908255","BWA","2021-02-22","2020-12-31","10-K",1
"0001656423-21-000006",2020,"1037540","BXP","2021-02-26","2020-12-31","10-K",1
"0000885725-21-000008",2020,"885725","BSX","2021-02-23","2020-12-31","10-K",1
"0000014272-21-000066",2020,"14272","BMY","2021-02-10","2020-12-31","10-K",1
"0001730168-21-000153",2021,"1730168","AVGO","2021-12-17","2021-10-31","10-K",1
"0001383312-21-000047",2021,"1383312","BR","2021-08-12","2021-06-30","10-K",1
"0001564590-21-007624",2020,"79282","BRO","2021-02-23","2020-12-31","10-K",1
"0001043277-21-000009",2020,"1043277","CHRW","2021-02-19","2020-12-31","10-K",1
"0000813672-21-000009",2021,"813672","CDNS","2021-02-22","2021-01-02","10-K",1
"0001590895-21-000085",2020,"1590895","CZR","2021-03-01","2020-12-31","10-K",1
"0000016732-21-000103",2021,"16732","CPB","2021-09-23","2021-08-01","10-K",1
"0000927628-21-000094",2020,"927628","COF","2021-02-25","2020-12-31","10-K",1
"0000721371-21-000080",2021,"721371","CAH","2021-08-16","2021-06-30","10-K",1
"0001170010-21-000053",2021,"1170010","KMX","2021-04-20","2021-02-28","10-K",1
"0000815097-22-000009",2021,"815097","CCL","2022-01-27","2021-11-30","10-K",1
"0001783180-21-000011",2020,"1783180","CARR","2021-02-09","2020-12-31","10-K",1
"0001596783-21-000110",2021,"1596783","CTLT","2021-08-30","2021-06-30","10-K",1
"0000018230-21-000063",2020,"18230","CAT","2021-02-17","2020-12-31","10-K",1
"0001558370-21-001286",2020,"1374310","CBOE","2021-02-19","2020-12-31","10-K",1
"0001138118-21-000012",2020,"1138118","CBRE","2021-02-24","2020-12-31","10-K",1
"0001402057-21-000022",2020,"1402057","CDW","2021-02-26","2020-12-31","10-K",1
"0001306830-21-000020",2020,"1306830","CE","2021-02-11","2020-12-31","10-K",1
"0001071739-21-000039",2020,"1071739","CNC","2021-02-22","2020-12-31","10-K",1
"0001130310-21-000009",2020,"1130310","CNP","2021-02-25","2020-12-31","10-K",1
"0001564590-21-009508",2020,"1725057","CDAY","2021-02-26","2020-12-31","10-K",1
"0000804753-21-000009",2020,"804753","CERN","2021-02-19","2020-12-31","10-K",1
"0001324404-21-000008",2020,"1324404","CF","2021-02-24","2020-12-31","10-K",1
"0001100682-21-000005",2020,"1100682","CRL","2021-02-17","2020-12-26","10-K",1
"0000316709-21-000012",2020,"316709","SCHW","2021-02-24","2020-12-31","10-K",1
"0001091667-22-000024",2021,"1091667","CHTR","2022-01-28","2021-12-31","10-K",1
"0000093410-21-000009",2020,"93410","CVX","2021-02-25","2020-12-31","10-K",1
"0001058090-21-000010",2020,"1058090","CMG","2021-02-10","2020-12-31","10-K",1
"0000896159-21-000003",2020,"896159","CB","2021-02-25","2020-12-31","10-K",1
"0001564590-21-006669",2020,"313927","CHD","2021-02-18","2020-12-31","10-K",1
"0001739940-21-000007",2020,"1739940","CI","2021-02-25","2020-12-31","10-K",1
"0000020286-21-000013",2020,"20286","CINF","2021-02-25","2020-12-31","10-K",1
"0000723254-21-000021",2021,"723254","CTAS","2021-07-28","2021-05-31","10-K",1
"0000858877-21-000013",2021,"858877","CSCO","2021-09-09","2021-07-31","10-K",1
"0000831001-21-000042",2020,"831001","C","2021-02-26","2020-12-31","10-K",1
"0000759944-21-000034",2020,"759944","CFG","2021-02-23","2020-12-31","10-K",1
"0000877890-21-000051",2020,"877890","CTXS","2021-02-08","2020-12-31","10-K",1
"0000021076-21-000016",2021,"21076","CLX","2021-08-10","2021-06-30","10-K",1
"0001156375-21-000020",2020,"1156375","CME","2021-02-26","2020-12-31","10-K",1
"0000811156-21-000016",2020,"811156","CMS","2021-02-11","2020-12-31","10-K",1
"0000021344-21-000008",2020,"21344","KO","2021-02-25","2020-12-31","10-K",1
"0001058290-21-000031",2020,"1058290","CTSH","2021-02-12","2020-12-31","10-K",1
"0000021665-21-000007",2020,"21665","CL","2021-02-18","2020-12-31","10-K",1
"0001166691-22-000009",2021,"1166691","CMCSA","2022-02-02","2021-12-31","10-K",1
"0000028412-21-000054",2020,"28412","CMA","2021-02-09","2020-12-31","10-K",1
"0001564590-21-037738",2021,"23217","CAG","2021-07-23","2021-05-30","10-K",1
"0001562762-21-000027",2020,"1163165","COP","2021-02-16","2020-12-31","10-K",1
"0001047862-21-000049",2020,"1047862","ED","2021-02-18","2020-12-31","10-K",1
"0000016918-21-000060",2021,"16918","STZ","2021-04-20","2021-02-28","10-K",1
"0000711404-21-000038",2021,"711404","COO","2021-12-10","2021-10-31","10-K",1
"0000900075-21-000022",2021,"900075","CPRT","2021-09-27","2021-07-31","10-K",1
"0001562762-21-000023",2020,"24741","GLW","2021-02-12","2020-12-31","10-K",1
"0001755672-21-000008",2020,"1755672","CTVA","2021-02-11","2020-12-31","10-K",1
"0000909832-21-000014",2021,"909832","COST","2021-10-06","2021-08-29","10-K",1
"0000858470-21-000013",2020,"858470","CTRA","2021-02-26","2020-12-31","10-K",1
"0001051470-21-000031",2020,"1051470","CCI","2021-02-22","2020-12-31","10-K",1
"0000277948-21-000014",2020,"277948","CSX","2021-02-10","2020-12-31","10-K",1
"0000026172-21-000012",2020,"26172","CMI","2021-02-10","2020-12-31","10-K",1
"0000064803-21-000011",2020,"64803","CVS","2021-02-16","2020-12-31","10-K",1
"0000882184-21-000190",2021,"882184","DHI","2021-11-18","2021-09-30","10-K",1
"0000313616-21-000045",2020,"313616","DHR","2021-02-25","2020-12-31","10-K",1
"0000940944-21-000041",2021,"940944","DRI","2021-07-23","2021-05-30","10-K",1
"0000927066-21-000008",2020,"927066","DVA","2021-02-12","2020-12-31","10-K",1
"0001558370-21-016864",2021,"315189","DE","2021-12-16","2021-10-31","10-K",1
"0000027904-21-000003",2020,"27904","DAL","2021-02-12","2020-12-31","10-K",1
"0000818479-21-000007",2020,"818479","XRAY","2021-03-01","2020-12-31","10-K",1
"0001564590-21-006239",2020,"1090012","DVN","2021-02-17","2020-12-31","10-K",1
"0001093557-21-000024",2020,"1093557","DXCM","2021-02-11","2020-12-31","10-K",1
"0001539838-21-000015",2020,"1539838","FANG","2021-02-25","2020-12-31","10-K",1
"0001558370-21-002191",2020,"1297996","DLR","2021-03-01","2020-12-31","10-K",1
"0001393612-21-000014",2020,"1393612","DFS","2021-02-17","2020-12-31","10-K",1
"0001437107-21-000018",2020,"1437107","DISCA","2021-02-22","2020-12-31","10-K",1
"0001558370-21-001322",2020,"1001082","DISH","2021-02-22","2020-12-31","10-K",1
"0001558370-21-003245",2021,"29534","DG","2021-03-19","2021-01-29","10-K",1
"0000935703-21-000014",2021,"935703","DLTR","2021-03-16","2021-01-30","10-K",1
"0001564590-21-008442",2020,"715957","D","2021-02-25","2020-12-31","10-K",1
"0001193125-21-055734",2021,"1286681","DPZ","2021-02-25","2021-01-03","10-K",1
"0000029905-21-000010",2020,"29905","DOV","2021-02-12","2020-12-31","10-K",1
"0001751788-21-000010",2020,"1751788","DOW","2021-02-05","2020-12-31","10-K",1
"0000936340-21-000112",2020,"936340","DTE","2021-02-19","2020-12-31","10-K",2
"0001326160-21-000063",2020,"1326160","DUK","2021-02-25","2020-12-31","10-K",2
"0000783280-21-000012",2020,"783280","DRE","2021-02-19","2020-12-31","10-K",1
"0001666700-21-000005",2020,"1666700","DD","2021-02-12","2020-12-31","10-K",1
"0001688568-21-000029",2021,"1688568","DXC","2021-05-28","2021-03-31","10-K",1
"0000915389-21-000016",2020,"915389","EMN","2021-02-22","2020-12-31","10-K",1
"0001551182-21-000022",2020,"1551182","ETN","2021-02-24","2020-12-31","10-K",1
"0001065088-21-000006",2020,"1065088","EBAY","2021-02-04","2020-12-31","10-K",1
"0001558370-21-001916",2020,"31462","ECL","2021-02-26","2020-12-31","10-K",1
"0000827052-21-000019",2020,"827052","EIX","2021-02-25","2020-12-31","10-K",1
"0001099800-21-000007",2020,"1099800","EW","2021-02-12","2020-12-31","10-K",1
"0000712515-21-000064",2021,"712515","EA","2021-05-26","2021-03-31","10-K",1
"0000032604-21-000038",2021,"32604","EMR","2021-11-15","2021-09-30","10-K",1
"0001463101-21-000016",2020,"1463101","ENPH","2021-02-16","2020-12-31","10-K",1
"0000065984-21-000096",2020,"65984","ETR","2021-02-26","2020-12-31","10-K",1
"0000821189-21-000017",2020,"821189","EOG","2021-02-25","2020-12-31","10-K",1
"0001352010-21-000010",2020,"1352010","EPAM","2021-02-25","2020-12-31","10-K",1
"0000033185-21-000025",2020,"33185","EFX","2021-02-25","2020-12-31","10-K",1
"0001628280-21-002563",2020,"1101239","EQIX","2021-02-19","2020-12-31","10-K",1
"0001564590-21-006679",2020,"906107","EQR","2021-02-18","2020-12-31","10-K",2
"0000920522-21-000015",2020,"920522","ESS","2021-02-19","2020-12-31","10-K",1
"0001001250-21-000127",2021,"1001250","EL","2021-08-27","2021-06-30","10-K",1
"0001370637-21-000012",2020,"1370637","ETSY","2021-02-26","2020-12-31","10-K",1
"0001711269-21-000023",2020,"1711269","EVRG","2021-02-26","2020-12-31","10-K",1
"0000072741-21-000005",2020,"72741","ES","2021-02-17","2020-12-31","10-K",1
"0001095073-21-000006",2020,"1095073","RE","2021-03-01","2020-12-31","10-K",1
"0001109357-21-000022",2020,"1109357","EXC","2021-02-24","2020-12-31","10-K",1
"0001324424-21-000015",2020,"1324424","EXPE","2021-02-12","2020-12-31","10-K",1
"0001564590-21-006925",2020,"746515","EXPD","2021-02-19","2020-12-31","10-K",1
"0001628280-21-003458",2020,"1289490","EXR","2021-02-26","2020-12-31","10-K",1
"0000034088-21-000012",2020,"34088","XOM","2021-02-24","2020-12-31","10-K",1
"0001048695-21-000044",2021,"1048695","FFIV","2021-11-16","2021-09-30","10-K",1
"0001013237-21-000142",2021,"1013237","FDS","2021-10-22","2021-08-31","10-K",1
"0000815556-21-000008",2020,"815556","FAST","2021-02-08","2020-12-31","10-K",1
"0000034903-21-000020",2020,"34903","FRT","2021-02-11","2020-12-31","10-K",1
"0001564590-21-037031",2021,"1048911","FDX","2021-07-19","2021-05-31","10-K",1
"0001136893-21-000025",2020,"1136893","FIS","2021-02-18","2020-12-31","10-K",1
"0000035527-21-000100",2020,"35527","FITB","2021-02-26","2020-12-31","10-K",1
"0001031296-21-000020",2020,"1031296","FE","2021-02-18","2020-12-31","10-K",1
"0000798354-21-000004",2020,"798354","FISV","2021-02-26","2020-12-31","10-K",1
"0001175454-21-000022",2020,"1175454","FLT","2021-02-26","2020-12-31","10-K",1
"0000037785-21-000024",2020,"37785","FMC","2021-02-25","2020-12-31","10-K",1
"0000037996-21-000012",2020,"37996","F","2021-02-05","2020-12-31","10-K",1
"0001262039-21-000008",2020,"1262039","FTNT","2021-02-19","2020-12-31","10-K",1
"0001659166-21-000062",2020,"1659166","FTV","2021-02-26","2020-12-31","10-K",1
"0001564590-21-008129",2020,"1519751","FBHS","2021-02-24","2020-12-31","10-K",1
"0001564590-21-043103",2021,"1754301","FOXA","2021-08-10","2021-06-30","10-K",1
"0000038777-21-000205",2021,"38777","BEN","2021-11-19","2021-09-30","10-K",1
"0000831259-21-000009",2020,"831259","FCX","2021-02-16","2020-12-31","10-K",1
"0000039911-21-000021",2021,"39911","GPS","2021-03-16","2021-01-30","10-K",1
"0001564590-21-006192",2020,"1121788","GRMN","2021-02-17","2020-12-26","10-K",1
"0000749251-21-000010",2020,"749251","IT","2021-02-24","2020-12-31","10-K",1
"0001437749-21-003793",2020,"1474735","GNRC","2021-02-23","2020-12-31","10-K",1
"0000040533-21-000010",2020,"40533","GD","2021-02-09","2020-12-31","10-K",1
"0000040545-21-000011",2020,"40545","GE","2021-02-12","2020-12-31","10-K",1
"0001193125-21-204830",2021,"40704","GIS","2021-06-30","2021-05-30","10-K",1
"0001467858-22-000034",2021,"1467858","GM","2022-02-02","2021-12-31","10-K",1
"0000040987-21-000009",2020,"40987","GPC","2021-02-19","2020-12-31","10-K",1
"0000882095-21-000008",2020,"882095","GILD","2021-02-25","2020-12-31","10-K",1
"0000320335-21-000010",2020,"320335","GL","2021-02-25","2020-12-31","10-K",1
"0001123360-21-000009",2020,"1123360","GPN","2021-02-19","2020-12-31","10-K",1
"0001193125-21-049380",2020,"886982","GS","2021-02-22","2020-12-31","10-K",2
"0000277135-21-000007",2020,"277135","GWW","2021-02-24","2020-12-31","10-K",1
"0000045012-21-000009",2020,"45012","HAL","2021-02-05","2020-12-31","10-K",1
"0000874766-21-000022",2020,"874766","HIG","2021-02-19","2020-12-31","10-K",1
"0000046080-21-000035",2020,"46080","HAS","2021-02-24","2020-12-27","10-K",1
"0001193125-21-048994",2020,"860730","HCA","2021-02-19","2020-12-31","10-K",1
"0001628280-21-001804",2020,"765880","PEAK","2021-02-10","2020-12-31","10-K",1
"0001000228-21-000019",2020,"1000228","HSIC","2021-02-17","2020-12-26","10-K",1
"0000047111-21-000007",2020,"47111","HSY","2021-02-17","2020-12-31","10-K",1
"0001628280-21-003531",2020,"4447","HES","2021-03-01","2020-12-31","10-K",1
"0001645590-21-000068",2021,"1645590","HPE","2021-12-10","2021-10-31","10-K",1
"0001585689-21-000016",2020,"1585689","HLT","2021-02-17","2020-12-31","10-K",1
"0000859737-21-000023",2021,"859737","HOLX","2021-11-16","2021-09-25","10-K",1
"0000354950-21-000089",2021,"354950","HD","2021-03-24","2021-01-31","10-K",1
"0000773840-21-000015",2020,"773840","HON","2021-02-12","2020-12-31","10-K",1
"0000048465-21-000067",2021,"48465","HRL","2021-12-10","2021-10-31","10-K",1
"0001564590-21-008676",2020,"1070750","HST","2021-02-25","2020-12-31","10-K",1
"0000004281-21-000049",2020,"4281","HWM","2021-02-16","2020-12-31","10-K",1
"0000047217-21-000060",2021,"47217","HPQ","2021-12-09","2021-10-31","10-K",1
"0000049071-21-000039",2020,"49071","HUM","2021-02-18","2020-12-31","10-K",1
"0000049196-21-000018",2020,"49196","HBAN","2021-02-26","2020-12-31","10-K",1
"0001501585-21-000008",2020,"1501585","HII","2021-02-11","2020-12-31","10-K",1
"0000832101-21-000017",2020,"832101","IEX","2021-02-25","2020-12-31","10-K",1
"0000874716-21-000008",2020,"874716","IDXX","2021-02-12","2020-12-31","10-K",1
"0001598014-22-000011",2021,"1598014","INFO","2022-01-24","2021-11-30","10-K",1
"0000049826-21-000007",2020,"49826","ITW","2021-02-12","2020-12-31","10-K",1
"0001110803-21-000015",2021,"1110803","ILMN","2021-02-17","2021-01-03","10-K",1
"0001558370-21-000825",2020,"879169","INCY","2021-02-09","2020-12-31","10-K",1
"0001628280-21-003454",2020,"1699150","IR","2021-02-26","2020-12-31","10-K",1
"0000050863-22-000007",2021,"50863","INTC","2022-01-27","2021-12-25","10-K",1
"0001571949-22-000006",2021,"1571949","ICE","2022-02-03","2021-12-31","10-K",1
"0001558370-21-001489",2020,"51143","IBM","2021-02-23","2020-12-31","10-K",1
"0000051434-21-000012",2020,"51434","IP","2021-02-19","2020-12-31","10-K",1
"0000051644-21-000012",2020,"51644","IPG","2021-02-22","2020-12-31","10-K",1
"0000051253-21-000011",2020,"51253","IFF","2021-02-22","2020-12-31","10-K",1
"0000896878-21-000233",2021,"896878","INTU","2021-09-08","2021-07-31","10-K",1
"0001035267-22-000014",2021,"1035267","ISRG","2022-02-03","2021-12-31","10-K",1
"0000914208-21-000331",2020,"914208","IVZ","2021-02-19","2020-12-31","10-K",1
"0001111928-21-000026",2020,"1111928","IPGP","2021-02-22","2020-12-31","10-K",1
"0001478242-21-000020",2020,"1478242","IQV","2021-02-12","2020-12-31","10-K",1
"0001020569-21-000067",2020,"1020569","IRM","2021-02-24","2020-12-31","10-K",1
"0000779152-21-000073",2021,"779152","JKHY","2021-08-25","2021-06-30","10-K",1
"0000052988-21-000065",2021,"52988","J","2021-11-23","2021-10-01","10-K",1
"0001437749-21-003667",2020,"728535","JBHT","2021-02-23","2020-12-31","10-K",1
"0000091419-21-000048",2021,"91419","SJM","2021-06-17","2021-04-30","10-K",1
"0000200406-21-000008",2021,"200406","JNJ","2021-02-22","2021-01-03","10-K",1
"0000833444-21-000046",2021,"833444","JCI","2021-11-15","2021-09-30","10-K",1
"0000019617-21-000236",2020,"19617","JPM","2021-02-23","2020-12-31","10-K",1
"0001043604-21-000013",2020,"1043604","JNPR","2021-02-12","2020-12-31","10-K",1
"0001628280-21-002660",2021,"55067","K","2021-02-22","2021-01-02","10-K",1
"0000091576-21-000044",2020,"91576","KEY","2021-02-22","2020-12-31","10-K",1
"0001601046-21-000197",2021,"1601046","KEYS","2021-12-17","2021-10-31","10-K",1
"0000055785-21-000016",2020,"55785","KMB","2021-02-11","2020-12-31","10-K",1
"0001437749-21-003766",2020,"879101","KIM","2021-02-23","2020-12-31","10-K",1
"0001506307-21-000022",2020,"1506307","KMI","2021-02-05","2020-12-31","10-K",1
"0000319201-21-000029",2021,"319201","KLAC","2021-08-06","2021-06-30","10-K",1
"0001637459-21-000009",2020,"1637459","KHC","2021-02-17","2020-12-26","10-K",1
"0001558370-21-003706",2021,"56873","KR","2021-03-30","2021-01-30","10-K",1
"0000202058-21-000008",2021,"202058","LHX","2021-03-01","2021-01-01","10-K",1
"0000920148-21-000018",2020,"920148","LH","2021-02-25","2020-12-31","10-K",1
"0000707549-21-000136",2021,"707549","LRCX","2021-08-17","2021-06-27","10-K",1
"0001558370-21-009330",2021,"1679273","LW","2021-07-27","2021-05-30","10-K",1
"0001300514-21-000033",2020,"1300514","LVS","2021-02-05","2020-12-31","10-K",1
"0001336920-21-000010",2021,"1336920","LDOS","2021-02-23","2021-01-01","10-K",1
"0001628280-22-001450",2021,"920760","LEN","2022-01-28","2021-11-30","10-K",1
"0000059478-21-000083",2020,"59478","LLY","2021-02-17","2020-12-31","10-K",1
"0000059558-21-000011",2020,"59558","LNC","2021-02-18","2020-12-31","10-K",1
"0001628280-21-003574",2020,"1707925","LIN","2021-03-01","2020-12-31","10-K",1
"0001335258-21-000009",2020,"1335258","LYV","2021-03-01","2020-12-31","10-K",1
"0001065696-21-000010",2020,"1065696","LKQ","2021-02-26","2020-12-31","10-K",1
"0000936468-22-000008",2021,"936468","LMT","2022-01-25","2021-12-31","10-K",1
"0001140361-21-003906",2020,"60086","L","2021-02-09","2020-12-31","10-K",1
"0000060667-21-000026",2021,"60667","LOW","2021-03-22","2021-01-29","10-K",1
"0000018926-21-000017",2020,"18926","LUMN","2021-02-25","2020-12-31","10-K",1
"0001489393-21-000007",2020,"1489393","LYB","2021-02-25","2020-12-31","10-K",1
"0001564590-21-007188",2020,"36270","MTB","2021-02-22","2020-12-31","10-K",1
"0000101778-21-000018",2020,"101778","MRO","2021-02-23","2020-12-31","10-K",1
"0001510295-21-000027",2020,"1510295","MPC","2021-02-26","2020-12-31","10-K",1
"0001564590-21-006981",2020,"1278021","MKTX","2021-02-19","2020-12-31","10-K",1
"0001628280-21-002433",2020,"1048286","MAR","2021-02-18","2020-12-31","10-K",1
"0000062709-21-000008",2020,"62709","MMC","2021-02-17","2020-12-31","10-K",1
"0001564590-21-006959",2020,"916076","MLM","2021-02-19","2020-12-31","10-K",1
"0000062996-21-000008",2020,"62996","MAS","2021-02-09","2020-12-31","10-K",1
"0001141391-21-000018",2020,"1141391","MA","2021-02-12","2020-12-31","10-K",1
"0000891103-21-000014",2020,"891103","MTCH","2021-02-25","2020-12-31","10-K",1
"0000063754-22-000005",2021,"63754","MKC","2022-01-27","2021-11-30","10-K",1
"0000063908-21-000013",2020,"63908","MCD","2021-02-23","2020-12-31","10-K",1
"0000927653-21-000039",2021,"927653","MCK","2021-05-12","2021-03-31","10-K",1
"0001613103-21-000027",2021,"1613103","MDT","2021-06-25","2021-04-30","10-K",1
"0000310158-21-000004",2020,"310158","MRK","2021-02-25","2020-12-31","10-K",1
"0001326801-22-000018",2021,"1326801","FB","2022-02-03","2021-12-31","10-K",1
"0001099219-21-000050",2020,"1099219","MET","2021-02-19","2020-12-31","10-K",1
"0001037646-21-000008",2020,"1037646","MTD","2021-02-08","2020-12-31","10-K",1
"0001564590-21-009205",2020,"789570","MGM","2021-02-26","2020-12-31","10-K",1
"0000827054-21-000106",2021,"827054","MCHP","2021-05-18","2021-03-31","10-K",1
"0000723125-21-000065",2021,"723125","MU","2021-10-08","2021-09-02","10-K",1
"0001564590-21-039151",2021,"789019","MSFT","2021-07-29","2021-06-30","10-K",1
"0001564590-21-006666",2020,"912595","MAA","2021-02-18","2020-12-31","10-K",1
"0001682852-21-000006",2020,"1682852","MRNA","2021-02-26","2020-12-31","10-K",1
"0000851968-21-000019",2020,"851968","MHK","2021-02-24","2020-12-31","10-K",1
"0000024545-21-000004",2020,"24545","TAP","2021-02-11","2020-12-31","10-K",1
"0001103982-21-000004",2020,"1103982","MDLZ","2021-02-05","2020-12-31","10-K",1
"0001437749-21-004587",2020,"1280452","MPWR","2021-03-01","2020-12-31","10-K",1
"0001104659-21-029943",2020,"865752","MNST","2021-03-01","2020-12-31","10-K",1
"0001059556-21-000010",2020,"1059556","MCO","2021-02-22","2020-12-31","10-K",1
"0000895421-21-000286",2020,"895421","MS","2021-02-26","2020-12-31","10-K",2
"0001618034-21-000003",2020,"1285785","MOS","2021-02-22","2020-12-31","10-K",1
"0000068505-21-000008",2020,"68505","MSI","2021-02-12","2020-12-31","10-K",1
"0001564590-21-005811",2020,"1408198","MSCI","2021-02-12","2020-12-31","10-K",1
"0001120193-21-000011",2020,"1120193","NDAQ","2021-02-23","2020-12-31","10-K",1
"0001564590-21-033645",2021,"1002047","NTAP","2021-06-21","2021-04-30","10-K",1
"0001065280-22-000036",2021,"1065280","NFLX","2022-01-27","2021-12-31","10-K",1
"0000814453-21-000050",2020,"814453","NWL","2021-02-19","2020-12-31","10-K",1
"0001164727-21-000027",2020,"1164727","NEM","2021-02-18","2020-12-31","10-K",1
"0001564708-21-000029",2021,"1564708","NWSA","2021-08-10","2021-06-30","10-K",1
"0000753308-21-000014",2020,"753308","NEE","2021-02-12","2020-12-31","10-K",1
"0001564590-21-008814",2020,"1492633","NLSN","2021-02-25","2020-12-31","10-K",1
"0000320187-21-000028",2021,"320187","NKE","2021-07-20","2021-05-31","10-K",1
"0001111711-21-000010",2020,"1111711","NI","2021-02-17","2020-12-31","10-K",1
"0000702165-21-000006",2020,"702165","NSC","2021-02-04","2020-12-31","10-K",1
"0000073124-21-000071",2020,"73124","NTRS","2021-02-23","2020-12-31","10-K",1
"0001133421-22-000004",2021,"1133421","NOC","2022-01-27","2021-12-31","10-K",1
"0000849399-21-000010",2021,"849399","NLOK","2021-05-21","2021-04-02","10-K",1
"0001558370-21-001998",2020,"1513761","NCLH","2021-02-26","2020-12-31","10-K",1
"0001013871-21-000005",2020,"1013871","NRG","2021-03-01","2020-12-31","10-K",1
"0001564590-21-009503",2020,"73309","NUE","2021-02-26","2020-12-31","10-K",1
"0001045810-21-000010",2021,"1045810","NVDA","2021-02-26","2021-01-31","10-K",1
"0000906163-21-000017",2020,"906163","NVR","2021-02-12","2020-12-31","10-K",1
"0001413447-21-000011",2020,"1413447","NXPI","2021-02-25","2020-12-31","10-K",1
"0000898173-21-000012",2020,"898173","ORLY","2021-02-26","2020-12-31","10-K",1
"0000797468-21-000009",2020,"797468","OXY","2021-02-26","2020-12-31","10-K",1
"0001564590-21-008056",2020,"878927","ODFL","2021-02-24","2020-12-31","10-K",1
"0000029989-21-000004",2020,"29989","OMC","2021-02-18","2020-12-31","10-K",1
"0001039684-21-000015",2020,"1039684","OKE","2021-02-23","2020-12-31","10-K",1
"0001564590-21-033616",2021,"1341439","ORCL","2021-06-21","2021-05-31","10-K",1
"0001781335-21-000023",2020,"1781335","OTIS","2021-02-05","2020-12-31","10-K",1
"0001564590-21-006370",2020,"75362","PCAR","2021-02-17","2020-12-31","10-K",1
"0001564590-21-008051",2020,"75677","PKG","2021-02-24","2020-12-31","10-K",1
"0000076334-21-000187",2021,"76334","PH","2021-08-25","2021-06-30","10-K",1
"0000723531-21-000035",2021,"723531","PAYX","2021-07-16","2021-05-31","10-K",1
"0001564590-21-006660",2020,"1590955","PAYC","2021-02-18","2020-12-31","10-K",1
"0001633917-22-000027",2021,"1633917","PYPL","2022-02-03","2021-12-31","10-K",1
"0000921738-21-000009",2020,"921738","PENN","2021-02-26","2020-12-31","10-K",1
"0000077360-21-000005",2020,"77360","PNR","2021-02-16","2020-12-31","10-K",1
"0001628280-21-003563",2020,"1378946","PBCT","2021-03-01","2020-12-31","10-K",1
"0000077476-21-000007",2020,"77476","PEP","2021-02-11","2020-12-26","10-K",1
"0000031791-21-000003",2021,"31791","PKI","2021-03-02","2021-01-03","10-K",1
"0000078003-21-000038",2020,"78003","PFE","2021-02-25","2020-12-31","10-K",1
"0001413329-21-000007",2020,"1413329","PM","2021-02-09","2020-12-31","10-K",1
"0001534701-21-000074",2020,"1534701","PSX","2021-02-24","2020-12-31","10-K",1
"0000764622-21-000013",2020,"764622","PNW","2021-02-24","2020-12-31","10-K",1
"0001038357-21-000016",2020,"1038357","PXD","2021-03-01","2020-12-31","10-K",1
"0000713676-21-000025",2020,"713676","PNC","2021-02-26","2020-12-31","10-K",1
"0000945841-21-000022",2020,"945841","POOL","2021-02-25","2020-12-31","10-K",1
"0000079879-21-000008",2020,"79879","PPG","2021-02-18","2020-12-31","10-K",1
"0000922224-21-000006",2020,"922224","PPL","2021-02-18","2020-12-31","10-K",1
"0001104659-21-022074",2020,"1126328","PFG","2021-02-12","2020-12-31","10-K",1
"0000080424-21-000100",2021,"80424","PG","2021-08-06","2021-06-30","10-K",1
"0000080661-21-000014",2020,"80661","PGR","2021-03-01","2020-12-31","10-K",1
"0001564590-21-005312",2020,"1045609","PLD","2021-02-11","2020-12-31","10-K",1
"0001137774-21-000049",2020,"1137774","PRU","2021-02-19","2020-12-31","10-K",1
"0000788784-21-000007",2020,"788784","PEG","2021-03-01","2020-12-31","10-K",1
"0001564590-21-057806",2021,"857005","PTC","2021-11-22","2021-09-30","10-K",1
"0001562762-21-000058",2020,"1393311","PSA","2021-02-24","2020-12-31","10-K",1
"0000822416-21-000007",2020,"822416","PHM","2021-02-02","2020-12-31","10-K",1
"0000078239-21-000017",2021,"78239","PVH","2021-03-31","2021-01-31","10-K",1
"0001604778-21-000032",2021,"1604778","QRVO","2021-05-24","2021-04-03","10-K",1
"0001050915-21-000009",2020,"1050915","PWR","2021-03-01","2020-12-31","10-K",1
"0001728949-21-000076",2021,"804328","QCOM","2021-11-03","2021-09-26","10-K",1
"0001022079-21-000029",2020,"1022079","DGX","2021-02-22","2020-12-31","10-K",1
"0001037038-21-000022",2021,"1037038","RL","2021-05-20","2021-03-27","10-K",1
"0000720005-21-000106",2021,"720005","RJF","2021-11-23","2021-09-30","10-K",1
"0000101829-21-000008",2020,"101829","RTX","2021-02-08","2020-12-31","10-K",1
"0000726728-21-000043",2020,"726728","O","2021-02-23","2020-12-31","10-K",1
"0001564590-21-006390",2020,"910606","REG","2021-02-17","2020-12-31","10-K",1
"0001804220-21-000008",2020,"872589","REGN","2021-02-08","2020-12-31","10-K",1
"0001281761-21-000012",2020,"1281761","RF","2021-02-24","2020-12-31","10-K",1
"0001060391-21-000014",2020,"1060391","RSG","2021-02-23","2020-12-31","10-K",1
"0000943819-21-000017",2021,"943819","RMD","2021-08-17","2021-06-30","10-K",1
"0000315213-21-000025",2020,"315213","RHI","2021-02-12","2020-12-31","10-K",1
"0001024478-21-000083",2021,"1024478","ROK","2021-11-09","2021-09-30","10-K",1
"0001171200-21-000076",2020,"84839","ROL","2021-02-26","2020-12-31","10-K",1
"0000882835-21-000011",2020,"882835","ROP","2021-02-22","2020-12-31","10-K",1
"0000745732-21-000017",2021,"745732","ROST","2021-03-30","2021-01-30","10-K",1
"0000884887-21-000006",2020,"884887","RCL","2021-02-26","2020-12-31","10-K",1
"0000064040-21-000063",2020,"64040","SPGI","2021-02-09","2020-12-31","10-K",1
"0001108524-21-000014",2021,"1108524","CRM","2021-03-17","2021-01-31","10-K",1
"0001034054-21-000003",2020,"1034054","SBAC","2021-02-25","2020-12-31","10-K",1
"0001564590-22-002421",2021,"87347","SLB","2022-01-26","2021-12-31","10-K",1
"0001137789-21-000049",2021,"1137789","STX","2021-08-06","2021-07-02","10-K",1
"0001628280-21-003329",2020,"1012100","SEE","2021-02-25","2020-12-31","10-K",1
"0001032208-21-000007",2020,"1032208","SRE","2021-02-25","2020-12-31","10-K",1
"0001373715-22-000024",2021,"1373715","NOW","2022-02-03","2021-12-31","10-K",1
"0000089800-21-000010",2020,"89800","SHW","2021-02-19","2020-12-31","10-K",1
"0001558370-21-001700",2020,"1063761","SPG","2021-02-25","2020-12-31","10-K",1
"0000004127-21-000058",2021,"4127","SWKS","2021-11-24","2021-10-01","10-K",1
"0000091440-21-000005",2021,"91440","SNA","2021-02-11","2021-01-02","10-K",1
"0001178913-21-000696",2020,"1419612","SEDG","2021-02-19","2020-12-31","10-K",1
"0000092122-21-000006",2020,"92122","SO","2021-02-18","2020-12-31","10-K",1
"0000092380-21-000033",2020,"92380","LUV","2021-02-08","2020-12-31","10-K",1
"0000093556-21-000008",2021,"93556","SWK","2021-02-18","2021-01-02","10-K",1
"0000829224-21-000086",2021,"829224","SBUX","2021-11-19","2021-10-03","10-K",1
"0000093751-21-000476",2020,"93751","STT","2021-02-19","2020-12-31","10-K",1
"0001757898-21-000017",2021,"1757898","STE","2021-05-28","2021-03-31","10-K",1
"0000310764-21-000027",2020,"310764","SYK","2021-02-11","2020-12-31","10-K",1
"0000719739-21-000023",2020,"719739","SIVB","2021-03-01","2020-12-31","10-K",1
"0001601712-21-000057",2020,"1601712","SYF","2021-02-11","2020-12-31","10-K",2
"0000883241-21-000022",2021,"883241","SNPS","2021-12-13","2021-10-31","10-K",1
"0000096021-21-000093",2021,"96021","SYY","2021-08-30","2021-07-03","10-K",1
"0001283699-21-000039",2020,"1283699","TMUS","2021-02-23","2020-12-31","10-K",1
"0001113169-21-000006",2020,"1113169","TROW","2021-02-11","2020-12-31","10-K",1
"0001628280-21-010627",2021,"946581","TTWO","2021-05-19","2021-03-31","10-K",1
"0001116132-21-000020",2021,"1116132","TPR","2021-08-19","2021-07-03","10-K",1
"0000027419-21-000010",2021,"27419","TGT","2021-03-10","2021-01-30","10-K",1
"0001558370-21-015228",2021,"1385157","TEL","2021-11-09","2021-09-24","10-K",1
"0001094285-21-000066",2021,"1094285","TDY","2021-02-26","2021-01-03","10-K",1
"0000096943-21-000013",2020,"96943","TFX","2021-02-25","2020-12-31","10-K",1
"0001193125-21-050735",2020,"97210","TER","2021-02-22","2020-12-31","10-K",1
"0001564590-21-004599",2020,"1318605","TSLA","2021-02-08","2020-12-31","10-K",1
"0000097476-21-000006",2020,"97476","TXN","2021-02-05","2020-12-31","10-K",1
"0000217346-21-000019",2021,"217346","TXT","2021-02-19","2021-01-02","10-K",1
"0000097745-21-000011",2020,"97745","TMO","2021-02-25","2020-12-31","10-K",1
"0000109198-21-000006",2021,"109198","TJX","2021-03-31","2021-01-30","10-K",1
"0000916365-21-000052",2020,"916365","TSCO","2021-02-18","2020-12-26","10-K",1
"0001466258-21-000027",2020,"1466258","TT","2021-02-09","2020-12-31","10-K",1
"0001260221-21-000134",2021,"1260221","TDG","2021-11-16","2021-09-30","10-K",1
"0000086312-21-000011",2020,"86312","TRV","2021-02-11","2020-12-31","10-K",1
"0000864749-21-000029",2021,"864749","TRMB","2021-02-26","2021-01-01","10-K",1
"0000092230-21-000032",2020,"92230","TFC","2021-02-24","2020-12-31","10-K",1
"0001418091-21-000031",2020,"1418091","TWTR","2021-02-17","2020-12-31","10-K",1
"0000860731-21-000014",2020,"860731","TYL","2021-02-19","2020-12-31","10-K",1
"0000100493-21-000122",2021,"100493","TSN","2021-11-15","2021-10-02","10-K",1
"0000074208-21-000025",2020,"74208","UDR","2021-02-18","2020-12-31","10-K",1
"0001558370-21-003523",2021,"1403568","ULTA","2021-03-26","2021-01-30","10-K",1
"0001193125-21-052547",2020,"36104","USB","2021-02-23","2020-12-31","10-K",1
"0001336917-21-000009",2020,"1336917","UAA","2021-02-24","2020-12-31","10-K",1
"0000100885-21-000068",2020,"100885","UNP","2021-02-05","2020-12-31","10-K",1
"0000100517-21-000016",2020,"100517","UAL","2021-03-01","2020-12-31","10-K",1
"0000731766-21-000013",2020,"731766","UNH","2021-03-01","2020-12-31","10-K",1
"0001090727-21-000013",2020,"1090727","UPS","2021-02-22","2020-12-31","10-K",1
"0001067701-22-000008",2021,"1067701","URI","2022-01-26","2021-12-31","10-K",1
"0001564590-21-008851",2020,"352915","UHS","2021-02-25","2020-12-31","10-K",1
"0001035002-21-000051",2020,"1035002","VLO","2021-02-23","2020-12-31","10-K",1
"0000740260-21-000048",2020,"740260","VTR","2021-02-23","2020-12-31","10-K",1
"0001014473-21-000005",2020,"1014473","VRSN","2021-02-19","2020-12-31","10-K",1
"0001437749-21-003789",2020,"1442145","VRSK","2021-02-23","2020-12-31","10-K",1
"0000732712-21-000012",2020,"732712","VZ","2021-02-25","2020-12-31","10-K",1
"0000875320-21-000006",2020,"875320","VRTX","2021-02-11","2020-12-31","10-K",1
"0000103379-21-000006",2021,"103379","VFC","2021-05-27","2021-04-03","10-K",1
"0000813828-21-000005",2020,"813828","VIAC","2021-02-24","2020-12-31","10-K",1
"0001792044-21-000009",2020,"1792044","VTRS","2021-03-01","2020-12-31","10-K",1
"0001403161-21-000060",2021,"1403161","V","2021-11-18","2021-09-30","10-K",1
"0000899689-21-000009",2020,"899689","VNO","2021-02-16","2020-12-31","10-K",1
"0001396009-21-000009",2020,"1396009","VMC","2021-02-25","2020-12-31","10-K",1
"0000011544-21-000013",2020,"11544","WRB","2021-02-18","2020-12-31","10-K",1
"0001628280-21-002557",2020,"943452","WAB","2021-02-19","2020-12-31","10-K",1
"0000104169-21-000033",2021,"104169","WMT","2021-03-19","2021-01-31","10-K",1
"0001618921-21-000085",2021,"1618921","WBA","2021-10-14","2021-08-31","10-K",1
"0001744489-21-000220",2021,"1744489","DIS","2021-11-24","2021-10-02","10-K",1
"0001558370-21-001348",2020,"823768","WM","2021-02-22","2020-12-31","10-K",1
"0001193125-21-054385",2020,"1000697","WAT","2021-02-24","2020-12-31","10-K",1
"0000107815-21-000079",2020,"783325","WEC","2021-02-25","2020-12-31","10-K",1
"0000072971-21-000197",2020,"72971","WFC","2021-02-23","2020-12-31","10-K",1
"0000766704-21-000018",2020,"766704","WELL","2021-02-10","2020-12-31","10-K",1
"0000105770-21-000008",2020,"105770","WST","2021-02-23","2020-12-31","10-K",1
"0000106040-21-000040",2021,"106040","WDC","2021-08-27","2021-07-02","10-K",1
"0001564590-21-057778",2021,"1732845","WRK","2021-11-19","2021-09-30","10-K",1
"0001564590-21-006960",2020,"106535","WY","2021-02-19","2020-12-31","10-K",1
"0000106640-21-000022",2020,"106640","WHR","2021-02-11","2020-12-31","10-K",1
"0000107263-21-000006",2020,"107263","WMB","2021-02-24","2020-12-31","10-K",1
"0001564590-21-007578",2020,"1140536","WTW","2021-02-23","2020-12-31","10-K",1
"0001174922-21-000029",2020,"1174922","WYNN","2021-02-26","2020-12-31","10-K",1
"0000072903-21-000012",2020,"72903","XEL","2021-02-17","2020-12-31","10-K",1
"0000743988-21-000016",2021,"743988","XLNX","2021-05-14","2021-04-03","10-K",1
"0001524472-21-000008",2020,"1524472","XYL","2021-02-26","2020-12-31","10-K",1
"0001041061-21-000012",2020,"1041061","YUM","2021-02-22","2020-12-31","10-K",1
"0000877212-21-000008",2020,"877212","ZBRA","2021-02-11","2020-12-31","10-K",1
"0001564590-21-007163",2020,"1136869","ZBH","2021-02-22","2020-12-31","10-K",1
"0000109380-21-000082",2020,"109380","ZION","2021-02-25","2020-12-31","10-K",1
"0001555280-21-000098",2020,"1555280","ZTS","2021-02-16","2020-12-31","10-K",1
